"NIP '{0}' is invalid — must consist of exactly 10 digits.","NIP '{0}' jest nieprawidłowy — musi składać się dokładnie z 10 cyfr."
"NIP '{0}' is invalid (incorrect checksum).","NIP '{0}' jest nieprawidłowy (błędna suma kontrolna)."
"Due Date {0} cannot be before Posting Date {1}.","Termin płatności {0} nie może być wcześniejszy niż data wystawienia {1}."
"Polish Tax Identifiers","Polskie identyfikatory podatkowe"
"Service Delivery Date","Data wykonania usługi"
"XML do KSeF","XML do KSeF"
"Please specify","Proszę uzupełnić"
"It is needed to fetch Item Details.","To pole jest wymagane do pobrania szczegółów pozycji."
"Company","Firma"
"Customer","Kontrahent"
"Sales Invoice","Faktura sprzedaży"
"Due Date","Termin płatności"
"Posting Date","Data wystawienia"
"Tax ID","NIP"
"Poland","Polska"
"Download","Pobierz"
"Save","Zapisz"
"Cancel","Anuluj"
"Submit","Zatwierdź"
"Update","Zaktualizuj"
"% of items manufactured against this Sales Order","% pozycji wyprodukowanych na podstawie tego Zamówienia Sprzedaży"
"Delivery Note Trends","Trendy dotyczące listów przewozowych"
"Territory Target Variance Based On Item Item","Terytorium – docelowa wartość – odchylenie w podziale na pozycje"
"A course cannot have both paid certificate and certificate of completion.","Kurs nie może posiadać zarówno płatnego certyfikatu, jak i certyfikatu ukończenia."
"Add Border at Bottom","Dodaj obramowanie na dole"
"All possible Workflow States and roles of the workflow. Docstatus Options: 0 is """"Saved"""", 1 is """"Submitted"""" and 2 is """"Cancelled","Wszystkie możliwe stany i role przepływu pracy. Opcje statusu dokumentu: 0 to """"Zapisany"""", 1 to """"Przesłany"""", a 2 to """"Anulowany""""."
"All possible Workflow States and roles of the workflow. Docstatus Options: 0 is ""Saved"", 1 is ""Submitted"" and 2 is ""Cancelled""","Wszystkie możliwe stany i role przepływu pracy. Opcje statusu dokumentu: 0 to ""Zapisany"", 1 to ""Przesłany"", a 2 to ""Anulowany""."
"Allow Alternative Item must be checked on Item {}","Opcja 'Zezwalaj na pozycję alternatywną' musi być zaznaczona na pozycji {}."
"Allow Item to be Added Multiple Times in a Transaction","Zezwalaj na wielokrotne dodawanie pozycji do transakcji"
"Allow multi-currency invoices against single party account","Zezwól na faktury wielowalutowe wobec jednego konta kontrahenta"
"Allow Sales","Zezwalaj na sprzedaż"
"Allow Sales Order Creation For Expired Quotation","Zezwalaj na tworzenie zamówień sprzedaży dla wygasłych ofert"
"Allow User to Edit Discount","Zezwalaj użytkownikowi na edycję rabatu"
"Allows to keep aside a specific quantity of inventory for a particular order.","Umożliwia odłożenie określonej ilości zapasów dla konkretnego zamówienia."
"Alternative item must not be same as item code","Alternatywny element nie może być taki sam jak kod elementu"
"Assignment rules automatically assign lead/deal to the right sales user based on predefined conditions","Reguły przypisywania automatycznie przypisują lead/deal do właściwego użytkownika sprzedaży w oparciu o predefiniowane warunki."
"Auto close Opportunity Replied after the no. of days mentioned above","Automatyczne zamknięcie szansy odpowiedziało po liczbie dni wymienionej powyżej"
"Auto creates Payment Entry for Donations created from web forms.","Automatycznie tworzy wpis płatności dla darowizn utworzonych z formularzy internetowych."
"Auto creates Payment Entry for Sales Invoices created for Membership from web forms.","Automatycznie tworzy wpis płatności dla faktur sprzedaży utworzonych dla członkostwa z formularzy internetowych."
"Auto Insert Item Price If Missing","Automatyczne wstawianie ceny pozycji w przypadku braku"
"Automate Donation Payment Entries","Automatyzacja wpisów płatności darowizn"
"Automate Payment Entry Creation","Automatyzacja tworzenia wpisów płatności"
"Automatically create an invoice when payment is authorized from a web form entry","Automatyczne tworzenie faktury po autoryzacji płatności z poziomu formularza internetowego."
"Avg time to close a lead","Śr. czas zamknięcia potencjalnego klienta"
"Avg. time to close a lead","Śr. czas zamknięcia potencjalnego klienta"
"Create Lead from Incoming Emails","Twórz leada z przychodzących wiadomości e-mail"
"If enabled, a lead will be automatically created when an incoming email is received from an unknown contact.","Jeśli włączone, lead zostanie automatycznie utworzony po otrzymaniu przychodzącej wiadomości e-mail od nieznanego kontaktu."
"Mark lead/deal as replied on response","Oznacz leada/transakcję jako z odpowiedzią po otrzymaniu odpowiedzi"
"Manage your lead sources here. Add new sources to start syncing leads automatically.","Zarządzaj tutaj źródłami leadów. Dodawaj nowe źródła, aby automatycznie rozpocząć synchronizację leadów."
"New Lead Sync Source","Nowe źródło synchronizacji leadów"
"Reopen lead/deal on new communication","Ponownie otwieraj leada/transakcję po nowej komunikacji"
"Set this template as the default for all sales transactions","Ustaw ten szablon jako domyślny dla wszystkich transakcji sprzedaży"
"Update the modified timestamp on new email communication & comments for leads & deals","Aktualizuj znacznik czasu modyfikacji przy nowych wiadomościach e-mail i komentarzach dla leadów i transakcji"
"Bill for Rejected Quantity in Purchase Invoice","Rachunek za odrzuconą ilość w fakturze zakupu"
"Blanket Order Allowance (%)","Dodatek do zamówienia zbiorczego (%)"
"Book Advance Payments in Separate Party Account","Rezerwuj zaliczki na oddzielnym koncie strony"
"Buying and Selling","Kupno i sprzedaż"
"Can work with leads and deals and create private views (reports).","Może pracować z potencjalnymi klientami i transakcjami oraz tworzyć prywatne widoki (raporty)."
"Close Replied Opportunity After Days","Zamknij szanse z odpowiedzia po dniach"
"compact Item Print","kompaktowy wydruk przedmiotów"
"Company Tax ID","Identyfikator podatkowy firmy"
"Configure the default Price List when creating a new Sales transaction. Item prices will be fetched from this Price List.","Konfiguruje domyślny cennik podczas tworzenia nowej transakcji sprzedaży. Ceny pozycji będą pobierane z tego cennika."
"Consolidate Sub Assembly Items","Konsolidacja elementów podzespołów"
"Cost Center for Item rows has been updated to {0}","Centrum kosztów dla wierszy pozycji zostało zaktualizowane do {0}."
"Create an Asset Item","Utwórz pozycję aktywów"
"Create an Item","Utwórz artykuł"
"Create customer on status change","Utwórz klienta przy zmianie statusu"
"Create Delivery Note","Utwóz Wydanie Zamówienia"
"Create first Purchase Order","Utwórz pierwsze zamówienie zakupu"
"Create Opportunity","Stwórz szansę"
"Create Your First Sales Invoice","Utwórz pierwszą fakturę sprzedaży"
"created this lead","stworzył/a ten trop"
"Creating Membership Invoice","Tworzenie faktury za członkostwo"
"Currency of selected Income Tax Slab should be {0} instead of {1}","Waluta wybranej płyty podatku dochodowego powinna wynosić {0} zamiast {1}."
"Current Month Income Tax","Podatek dochodowy za bieżący miesiąc"
"Customer created successfully","Klient został pomyślnie utworzony"
"Customer Defaults","Domyślne ustawienia klienta"
"Customer pickup","Własny odbiorcy"
"Customer {0} has been created succesfully.","Klient {0} został utworzony pomyślnie."
"Customer's Purchase Order","Numer Zamówienia Klienta"
"Daily performance of leads, deals, and wins","Codzienna wydajność leadów, transakcji i wygranych"
"Date of delivery / services completion","Data zakończenia dostawy / usług"
"Deals by salesperson","Transakcje według sprzedawcy"
"Dear {{ lead_name }},","Drogi {{ lead_name }},"
"Default Selling Price List","Domyślny cennik sprzedaży"
"Delivery Note(s) created for the Pick List","Wydanie zamówienia utworzone dla listy kompletacji"
"Delivery Trends","Trendy dostaw"
"Discount Amount","Wartość zniżki"
"Discount Date","Data rabatu"
"Discount Type","Typ rabatu"
"Discounted Amount","Kwota zniżki"
"Dissamble Order","Zlecenie demontażu"
"Distributed Discount Amount","Dystrybuowana kwota rabatu"
"Donation Payment To","Wpłata darowizny na konto"
"Email Delivery Service","Usługa dostarczania wiadomości e-mail"
"Enable Discount Accounting for Selling","Włącz rozliczanie rabatów dla sprzedaży"
"Enable email notification for any comment or likes received on your Blog Post.","Włącz powiadomienia e-mail o każdym komentarzu lub polubieniu otrzymanym w Twoim poście na blogu."
"Fetch Overdue Payments","Pobieranie zaległych płatności"
"Fetch Timesheet in Sales Invoice","Uwzględnij czas pracy w fakturze"
"Fields Order","Kolejność pól"
"Financial reports will be generated using GL Entry doctypes (should be enabled if Period Closing Voucher is not posted for all years sequentially or missing)","Raporty finansowe będą generowane przy użyciu typów dokumentów GL Entry (należy włączyć, jeśli Voucher zamknięcia okresu nie jest zaksięgowany dla wszystkich lat kolejno lub brakuje go)"
"From Opportunity","Od szansy"
"Get Customer Group Details","Pobierz szczegóły grupy klientów"
"Get Sub Assembly Items","Uzyskaj elementy podzespołów"
"Goal progress percentage cannot be more than 100.","Procent postępu celu nie może przekraczać 100."
"Group goal's progress is auto-calculated based on the child goals.","Postęp celu grupowego jest obliczany automatycznie na podstawie celów dziecka."
"Has Item Scanned","Zeskanowano przedmiot"
"Has Unit Price Items","Zawiera pozycje z ceną jednostkową"
"If checked, negative numeric values of Currency, Quantity or Count would be shown as positive","Jeśli zaznaczone, ujemne wartości liczbowe Currency, Quantity lub Count będą wyświetlane jako dodatnie"
"If mentioned, the system will allow only the users with this Role to create or modify any stock transaction earlier than the latest stock transaction for a specific item and warehouse. If set as blank, it allows all users to create/edit back-dated transactions.","Jeśli opcja ta zostanie zaznaczona, system zezwoli tylko użytkownikom z tą rolą na tworzenie lub modyfikowanie transakcji magazynowych wcześniejszych niż ostatnia transakcja magazynowa dla określonej pozycji i magazynu. Jeśli jest ustawiona jako pusta, zezwala wszystkim użytkownikom na tworzenie/edycję transakcji z datą wsteczną."
"If no taxes are set, and Taxes and Charges Template is selected, the system will automatically apply the taxes from the chosen template.","Jeśli nie ustawiono podatków, a wybrano Szablon Podatków i Opłat, system automatycznie zastosuje podatki z wybranego szablonu."
"In Words (Export) will be visible once you save the Delivery Note.","In Words (Eksport) będzie widoczny po zapisaniu wydanie zamówienia."
"Include Zero Stock Items","Uwzględnij pozycje z zerowym stanem magazynowym"
"Income Tax Breakup","Podział podatku dochodowego"
"Income Tax Computation","Obliczanie podatku dochodowego"
"Income Tax Deducted Till Date","Podatek dochodowy odliczony do dnia dzisiejszego"
"Internal Customer","Klient wewnętrzny"
"Invoice and Billing","Faktura i rozliczenie"
"Invoice Cancellation","Anulowanie faktury"
"Invoice ID","Identyfikator faktury"
"INVOICE No.","FAKTURA nr"
"Invoice Portion (%)","Fragment faktury (%)"
"Is Cash or Non Trade Discount","Czy gotówka lub rabat niehandlowy"
"Is customer exempted from sales tax?","Czy klient jest zwolniony z podatku od sprzedaży?"
"Is Finished Item","Reguła składowania"
"Is Scrap Item","Czy to odpad produkcyjny"
"Issue a debit note with 0 qty against an existing Sales Invoice","Wystawienie noty obciążeniowej z ilością 0 w odniesieniu do istniejącej faktury sprzedaży"
"Item - wise Price List Rate","Stawka zgodna z cennikiem"
"Item Manager","Menadżer asortymentu"
"Item Name","Nazwa artykułu"
"Item Price appears multiple times based on Price List, Supplier/Customer, Currency, Item, Batch, UOM, Qty, and Dates.","Cena pozycji jest wyświetlana wielokrotnie na podstawie cennika, dostawcy/klienta, waluty, pozycji, partii, JM, ilości i daty."
"Item Price Settings","Ustawienia ceny przedmiotu"
"Item Shortage Summary","Podsumowanie niedoboru pozycji"
"Item, Customer, Supplier and Quotation","Pozycja, Klient, Dostawca i Oferta"
"Item-wise Price List Rate","Stawka cennikowa według pozycji"
"Item-wise Purchase Register","Rejestr zakupów według pozycji"
"Item-wise Sales History","Historia sprzedaży poszczególnych pozycji"
"Item-wise Stock Details","Szczegóły magazynowe według pozycji"
"Items To Be Requested","Wymagane elementy"
"Items to Order and Receive","Przedmioty do zamówienia i odbioru"
"It’s an entry to update the stock balance of an item, in a warehouse, on a date and time you are going live on ERPNext.","Jest to wpis służący do aktualizacji stanu magazynowego artykułu w magazynie, w dniu i czasie, w którym zostanie on uruchomiony w ERPNext."
"Lead generation channel analysis","Analiza kanałów generowania leadów"
"Lead to deal conversion pipeline","Lejek konwersji leadów na transakcje"
"Leads","Leady"
"Leads by source","Leady według źródła"
"Let's Set Up Your Accounts and Taxes.","Skonfigurujmy konta i podatki."
"Link the cycle and tag KRA to your goal to update the appraisal's goal score based on the goal progress","Połącz cykl i oznacz KRA z celem, aby zaktualizować wynik celu oceny w oparciu o postępy w realizacji celu."
"Loan Secutity Exposure","Ekspozycja na zabezpieczenie pożyczki"
"Make Serial No / Batch from Work Order","Zezwalaj na przesyłanie surowców nawet po osiągnięciu wymaganej ilości."
"Manage Items","Zarządzaj Asortymentem"
"Mandatory fields required in table Items, Row 1","Pola obowiązkowe wymagane w tabeli Produkty, wiersz 1"
"Material Request Item","Zamówienie na materiały Pozycja"
"Maximum quantity scanned for item {0}.","Maksymalna ilość przeskanowana dla przedmiotu {0}."
"New Lead (Last 1 Month)","Nowi potencjalni klienci (w ciągu ostatniego miesiąca)"
"new-payment-term-","nowy-termin-płatności-"
"new-quotation-1","nowa-wycena-1"
"new-sales-order-1","nowe-zlecenie-sprzedaży-1"
"Sales invoice notification","Powiadomienie o fakturze sprzedaży"
"No Items Found","Nie znaleziono żadnych przedmiotów"
"No items in the list","Brak pozycji na liście"
"Not allow to set alternative item for the item {0}","Brak możliwości ustawienia alternatywnego elementu dla elementu {0}"
"Number of deals and total value per salesperson","Liczba transakcji i łączna wartość wg sprzedawcy"
"On enabling this cancellation entries will be posted on the actual cancellation date and reports will consider cancelled entries as well","Po włączeniu tego ustawienia zapisy anulowania będą księgowane na faktyczną datę anulowania, a raporty będą uwzględniały również anulowane zapisy"
"On Payment Authorization","Autoryzacja płatności"
"Only applies for Normal Payments","Dotyczy tylko zwykłych płatności"
"Open Lead","Otwórz potencjalnego klienta"
"Opportunity Summary by Sales Stage","Podsumowanie szansy sprzedaży według etapu sprzedaży"
"Order Status","Status zamówienia"
"Ordered Stock Qty","Ilość zamówionego towaru"
"Outgoing Bills (Sales Invoice)","Rachunki wychodzące (faktura sprzedaży)"
"Over Order Allowance (%)","Zezwolenie na przekroczenie zamówienia (%)"
"Overdue Payments","Zaległe płatności"
"Packaging Slip From Delivery Note","Odcinek opakowania z wydania zamówienia"
"Partial stock can be reserved. For example, If you have a Sales Order of 100 units and the Available Stock is 90 units then a Stock Reservation Entry will be created for 90 units.","Można rezerwować częściowe zapasy. Na przykład, jeśli zamówienie sprzedaży obejmuje 100 jednostek, a dostępny zapas wynosi 90 jednostek, zostanie utworzony wpis rezerwacji zapasów dla 90 jednostek."
"Party Specific Item","Przedmiot specyficzny dla imprezy"
"Payment Amount (Company Currency)","Kwota płatności (waluta firmy)"
"Payment Amount (PLN)","Kwota płatności (PLN)"
"Payment and Accounting","Płatności i księgowość"
"Payment Days Dependency","Dni płatności Zależność"
"Payment method:","Forma płatności:"
"Payment Reconciliation Settings","Ustawienia uzgadniania płatności"
"Payment Reminder","Przypomnienie o płatności"
"Payment Reminder from Frappé – (#{{ name }})","Przypomnienie o płatności od Frappé – (#{{ name }})"
"Payment Settings","Ustawienia płatności"
"Payment Terms from orders will be fetched into the invoices as is","Warunki płatności z zamówień będą przenoszone do faktur bez zmian"
"Pending SO Items For Purchase Request","Pozycje w toku dotyczące zlecenia zakupu"
"Percentage you are allowed to order beyond the Blanket Order quantity.","Wartość procentowa, którą można zamówić poza ilością zamówienia zbiorczego."
"Percentage you are allowed to order more against the Blanket Order Quantity. For example: If you have a Blanket Order of Quantity 100 units. and your Allowance is 10% then you are allowed to order 110 units.","Procentowo można zamówić więcej w stosunku do Blanket Order Quantity. Na przykład: Jeśli masz zamówienie zbiorcze na 100 jednostek, a Twój przydział wynosi 10%, możesz zamówić 110 jednostek."
"Percentage you are allowed to sell beyond the Blanket Order quantity.","Procent, który możesz sprzedać poza ilością zamówienia zbiorczego."
"Please clear the Payment Schedule Table","Wyczyść tabelę harmonogramu płatności"
"POS Search Fields","Pola wyszukiwania POS"
"POS Setting","Ustawienia POS"
"Posting date","Data wysłania"
"Posting Date Inheritance for Exchange Gain / Loss","Dziedziczenie daty księgowania dla zysku/straty z wymiany"
"Price List Defaults","Domyślne ustawienia cennika"
"Product Price ID","Identyfikator ceny produktu"
"Progress Updated successfully","Postęp Zaktualizowano pomyślnie"
"Purchase Invoice has been submitted successfully","Faktura zakupu została pomyślnie zatwierdzona"
"Purchase Orders to Bill","Zlecenia zakupu do rozliczenia"
"Quotation","Oferta"
"Repost Accounting Ledger Settings","Prześlij ponownie ustawienia księgi rachunkowej"
"Row #1: Rate must be same as Purchase Order:","Wiersz #1: Stawka musi być taka sama jak w zamówieniu:"
"Sales Analytics - Items","Analityka sprzedaży - pozycje"
"Sales Analytics Weekly","Cotygodniowa analiza sprzedaży"
"Sales Invoice has been submitted successfully","Faktura sprzedaży została zatwierdzona pomyślnie"
"Sales Invoice is not allowed to be reposted. Modify {0} to enable reposting.","Faktura sprzedaży nie może być ponownie wysłana. Zmodyfikuj {0}, aby włączyć ponowne księgowanie."
"Sales Invoice Trends","Trendy na fakturach sprzedaży"
"Sales Order
A Sales Order is a confirmation of an order from your customer. It is also referred to as Proforma Invoice.
Sales Order at the heart of your sales and purchase transactions. Sales Orders are linked in Delivery Note, Sales Invoices, Material Request, and Maintenance transactions. Through Sales Order, you can track fulfillment of the overall deal towards the customer.","Zlecenie sprzedaży
Sales Order Analysis,Analiza zamówień sprzedaży,
Sales Order has been submitted successfully,Zamówienie sprzedaży zostało pomyślnie zatwierdzone,
Sales Order Trends,Trendy zamówień sprzedaży,
Sales Orders to Deliver,Zamówienia sprzedaży do dostarczenia,
Sales Pipeline Analytics,Analityka potencjału sprzedaży,
Sales trend,Trend sprzedaży,
Sales Update Frequency in Company and Project,Częstotliwość aktualizacji sprzedaży w firmie i projekcie,
Sales User,Użytkownik sprzedaży,
Sales user,Użytkownik sprzedaży,
Scrap Item Name,Nazwa pozycji złomu,
Serial & Batch Item Settings,Ustawienia pozycji seryjnych i wsadowych,
Shipment Delivery Note,List przewozowy,
Show Taxes as Table in Print,Pokaż podatki jako tabelę w wydruku,
Skip Available Sub Assembly Items,Pomiń dostępne elementy podzespołów,
Stock Entries already created for Work Order {0}: {1},Zapasy już utworzone dla zlecenia {0}: {1},
Stock will be reserved on submission of Purchase Receipt created against Material Request for Sales Order.,Zapasy zostaną zarezerwowane po przedłożeniu przyjęcia zamówienia utworzonego na podstawie zapotrzebowania na materiały do zamówienia sprzedaży.,
Submit Invoice Automatically,Automatyczne przesyłanie faktur,
Supplier Invoice,Faktura dostawcy,
Supplier-Wise Sales Analytics,Analiza sprzedaży z uwzględnieniem dostawców,
Syntax error in condition: {0} in Income Tax Slab,Błąd składni w warunku: {0} w płycie podatku dochodowego,
Tax Amount will be rounded on a row(Items) level,Kwota podatku będzie zaokrąglana na poziomie wiersza (pozycji),
Tax Deducted Till Date,Podatek odliczony do dnia dzisiejszego,
Tax Detail,Szczegóły podatkowe,
Tax Exemption 80G Certificate Detail,Szczegóły certyfikatu zwolnienia z podatku 80G,
Tax Exemption Declaration,Deklaracja zwolnienia z podatku,
Tax Settings,Ustawienia podatkowe,
Territory Target Variance Based On Item Item,Docelowe odchylenie terytorium na podstawie pozycji Pozycja,
This is a reminder for the payment of {{ grand_total }}.,To jest przypomnienie o płatności w wysokości {{ grand_total }}.,
TOTAL ACTIVE ITEMS,ŁĄCZNA LICZBA AKTYWNYCH POZYCJI,
Total after discount,Razem po rabacie,
Total Contribution Amount Against Orders:,Łączna kwota wkładu na poczet zamówień:,
Total Income Tax,Podatek dochodowy ogółem,
Total Incoming Payment,Całkowita płatność przychodząca,
Total leads,Łączna liczba potencjalnych klientów,
Total Sales Amount,Całkowita kwota sprzedaży,
Total unpaid invoices,Łącznie niezapłaconych faktur,
Unit Price,Cena jedn.,
Unit Price net,Cena jedn. netto,
Unit Price net (PLN),Cena jedn. netto (PLN),
Unlink Payment,Odłącz płatność,
Unlink Payment on Cancellation of Employee Advance,Odepnij płatność z tytułu anulowania zaliczki pracowniczej,
Update Existing Price List Rate,Aktualizacja istniejącego cennika,
Update Hooks Resolution Order,Zaktualizuj kolejność rozstrzygania haków,
Update latest price in all BOMs,Zaktualizuj najnowszą cenę we wszystkich zestawieniach BOM,
Update Order,Aktualizacja zamówienia,
Update Progress,Aktualizacja postępów,
Updated Sales Order field with the first item's Sales Order,Zaktualizowano pole Zlecenie Sprzedaży na podstawie pierwszej pozycji w produktach,
Updating counter may lead to document name conflicts if not done properly,Aktualizacja licznika może prowadzić do konfliktów nazw dokumentów"
"View Blog Post","Zobacz wpis na blogu"
"Waiting for Customer","Oczekiwanie na klienta"
"Warning: Updating counter may lead to document name conflicts if not done properly","Ostrzeżenie: Aktualizacja licznika może prowadzić do konfliktów nazw dokumentów, jeśli nie zostanie wykonana prawidłowo."
"While making Purchase Invoice from Purchase Order, use Exchange Rate on Invoice's transaction date rather than inheriting it from Purchase Order. Only applies for Purchase Invoice.","Podczas wystawiania faktury zakupu z zlecenia zakupu należy użyć kursu wymiany z daty transakcji faktury, a nie dziedziczyć go z zlecenia zakupu. Dotyczy tylko faktury zakupu."
"Why is this Candidate Qualified for this Position?","Dlaczego ten kandydat kwalifikuje się na to stanowisko?"
"WIP Composite Asset","Aktywa złożone WIP"
"Work Order","Zlecenie produkcyjne"
"{0} units of Item {1} is picked in another Pick List.","{0} jednostek pozycji {1} jest wybranych na innej liście wyboru."
"{} {} open for this position.","{} {} otwarte dla tego stanowiska."
"Default Discount Account","Domyślne konto rabatowe"
"Stock entry allows you to register the movement of stock for various purposes like transfer"," received"
"The warehouse can be your location/godown/store where you maintain the item's inventory"," and receive/deliver them to various parties."
"In ERPNext"," you can maintain a Warehouse in the tree structure"
"In this step we will create an  [**Item**](https://docs.erpnext.com/docs/user/manual/en/stock/item).""","# Utwórz artykuł
W tym kroku utworzymy [**Artykuł**](https://docs.erpnext.com/docs/user/manual/en/stock/item)."
"It's an entry to update the stock balance of an item"," in a warehouse"
"- Set tolerance for over-receipt and delivery of items""","# Ustawienia magazynu
Let's Set Up the Selling Module.,Konfiguracja modułu Sprzedaż.,
Products"
"The Selling Module is all set up!","Moduł Sprzedaż jest gotowy do pracy!"
"Create a Customer","Utwórz klienta"
"Create a Quotation","Utwórz ofertę"
"Create a Sales Order","Utwórz zlecenie sprzedaży"
"Create your first Sales Order","Utwórz pierwsze zlecenie sprzedaży"
"Introduction to Selling","Wprowadzenie do sprzedaży"
"Sales Order","Zlecenie sprzedaży"
"Selling Settings","Ustawienia sprzedaży"
"Create Sales Order","Utwórz zlecenie sprzedaży"
"Let's convert your first Sales Order against a Quotation","Utwórz pierwsze zlecenie sprzedaży na podstawie oferty"
"Let's walk-through Selling Settings","Przejrzyj ustawienia sprzedaży"
"Purchase Order is at the heart of your buying transactions. In ERPNext"," Purchase Order can can be created against a Purchase Material Request (indent) and Supplier Quotation as well.  Purchase Orders is also linked to Purchase Receipt and Purchase Invoices"
"Accounts, Invoices, Taxation, and more.","Konta, faktury, podatki i wiele więcej."
"Create a Sales Item","Utwórz artykuł sprzedaży"
"Create Your First Purchase Invoice","Utwórz pierwszą fakturę zakupu"
"Create Your First Purchase Invoice ","Utwórz pierwszą fakturę zakupu"
"Create Your First Sales Invoice ","Utwórz pierwszą fakturę sprzedaży"
"Setting up Taxes","Konfigurowanie podatków"
"Let's create your first Purchase Invoice","Utwórz pierwszą fakturę zakupu"
"Manage Sales Tax Templates","Zarządzaj szablonami podatku VAT"
"## Who is a Customer?
A customer, who is sometimes known as a client, buyer, or purchaser is the one who receives goods, services, products, or ideas, from a seller for a monetary consideration.
Every customer needs to be assigned a unique id. Customer name itself can be the id or you can set a naming series for ids to be generated in Selling Settings.
Just like the supplier, let's quickly create a customer.","## Kim jest klient?
Depending on the nature of your business, you might be selling products or services to your clients or even both. 
ERPNext is optimized for itemized management of your sales and purchase.
The **Item Master**  is where you can add all your sales items. If you are in services, you can create an Item for each service that you offer. If you run a manufacturing business, the same master is used for keeping a record of raw materials, sub-assemblies etc.
Completing the Item Master is very essential for the successful implementation of ERPNext. We have a brief video introducing the item master for you, you can watch it in the next step."
"Purchase Invoices can also be created against a Purchase Order or Purchase Receipt.""","# Utwórz pierwszą fakturę zakupu
# All about sales invoice"
"A Sales Invoice is a bill that you send to your Customers against which the Customer makes the payment. Sales Invoice is an accounting transaction. On submission of Sales Invoice"," the system updates the receivable and books income against a Customer Account."
"![Sales Flow](https://docs.erpnext.com/docs/assets/img/accounts/so-flow.png)""","# Faktura sprzedaży
# Setting up Taxes"
"ERPNext lets you configure your taxes so that they are automatically applied in your buying and selling transactions. You can configure them globally or even on Items. ERPNext taxes are pre-configured for most regions.""","# Konfigurowanie podatków
It’s an entry to update the stock balance of an item, in a warehouse, on a date and time you are going live on ERPNext.
Let’s create your first Purchase Order,Utwórz pierwsze zamówienie zakupu,
Let’s create your first Purchase Invoice,Utwórz pierwszą fakturę zakupu,
Default Buying Price List,Domyślny cennik dla zakupów,
Item prices will be fetched from this Price List.,Ceny artykułów będą pobierane z tego cennika.,
Purchase Order Required,Wymagane zamówienie kupna,
If this option is configured """"Yes"""""
"Set the ""Required By"" date for the materials. This sets the ""Required By"" date for all the items.","Ustaw datę ""Wymagana do"" dla materiałów. Ustawia datę ""Wymagana do"" dla wszystkich pozycji."
"Items to be purchased can be added here.","Tutaj możesz dodać pozycje do zakupu."
"Enter the Item Code.","Wpisz kod artykułu."
"Customer Naming By","Nazewnictwo klienta"
"By default, the Customer Name is set as per the Full Name entered. If you want Customers to be named by a <a href=""https://docs.erpnext.com/docs/user/manual/en/setting-up/settings/naming-series"" target=""_blank"">Naming Series</a>. Choose the 'Naming Series' option.","Domyślnie nazwa klienta jest ustawiana zgodnie z podanym pełnym imieniem i nazwiskiem. Jeśli chcesz, aby klientom nadawano nazwy według <a href=""https://docs.erpnext.com/docs/user/manual/en/setting-up/settings/naming-series"" target=""_blank"">Serii nazewniczej</a>, wybierz opcję 'Seria nazewnicza'."
"Sales Order Required for Sales Invoice & Delivery Note Creation","Wymagane zlecenie sprzedaży do tworzenia faktur i dokumentów WZ"
"If this option is configured 'Yes', ERPNext will prevent you from creating a Sales Invoice or Delivery Note without creating a Sales Order first. This configuration can be overridden for a particular Customer by enabling the 'Allow Sales Invoice Creation Without Sales Order' checkbox in the Customer master.","Jeśli opcja jest ustawiona na 'Tak', ERPNext uniemożliwi tworzenie faktury sprzedaży lub dokumentu WZ bez wcześniejszego utworzenia zlecenia sprzedaży. Ustawienie można nadpisać dla konkretnego klienta, włączając pole 'Zezwól na tworzenie faktury sprzedaży bez zlecenia sprzedaży' w kartotece klienta."
"Delivery Note Required for Sales Invoice Creation","Wymagany dokument WZ do tworzenia faktury sprzedaży"
"Enter the Full Name of the Customer","Wpisz pełną nazwę klienta"
"Quotation To","Oferta dla"
"Select a customer or lead for whom this quotation is being prepared. Let's select a Customer.","Wybierz klienta lub lead, dla którego przygotowywana jest ta oferta."
"Select a specific Customer to whom this quotation will be sent.","Wybierz konkretnego klienta, do którego zostanie wysłana oferta."
"Items","Pozycje"
"Select an item for which you will be quoting a price.","Wybierz artykuł, dla którego podajesz cenę."
"Sales Taxes and Charges","Podatki i opłaty sprzedaży"
"You can select pre-populated Sales Taxes and Charges from here.","Tutaj możesz wybrać gotowe szablony podatków i opłat sprzedaży."
"Select a customer.","Wybierz klienta."
"List of items","Lista pozycji"
"You can add items here.","Tutaj możesz dodać pozycje."
"Select an item.","Wybierz artykuł."
"Enter rate of the item.","Wpisz cenę artykułu."
"Add Sales Taxes and Charges","Dodaj podatki i opłaty sprzedaży"
"You can add sales taxes and charges here.","Tutaj możesz dodać podatki i opłaty sprzedaży."
"The percentage by which you can overbill transactions. For example, if the order value is $100 for an Item and percentage here is set as 10% then you are allowed to bill for $110.","Procent, o który możesz przekroczyć kwotę na fakturze. Np. jeśli wartość zamówienia wynosi 100 zł, a procent wynosi 10%, możesz wystawić fakturę na 110 zł."
"Unlink Payment on Cancellation of Invoice","Odłącz płatność przy anulowaniu faktury"
"Unlink Advance Payment on Cancellation of Order","Odłącz zaliczkę przy anulowaniu zamówienia"
"Similar to the previous option, this unlinks any advance payments made against Purchase/Sales Orders.","Podobnie do poprzedniej opcji, odłącza zaliczki powiązane z zamówieniami zakupu lub sprzedaży."
"Determine Address Tax Category From","Ustal kategorię podatkową adresu na podstawie"
"Tax category can be set on Addresses. An address can be Shipping or Billing address. Set which addres to select when applying Tax Category.","Kategorię podatkową można ustawić na adresach. Adres może być adresem wysyłki lub fakturowania. Ustaw, który adres wybrać przy stosowaniu kategorii podatkowej."
"Select the role that is allowed to submit transactions that exceed credit limits set. The credit limit can be set in the Customer form.","Wybierz rolę uprawnioną do zatwierdzania transakcji przekraczających limity kredytowe. Limit kredytowy można ustawić w kartotece klienta."
"Add items in the table","Dodaj pozycje do tabeli"
"Select an item","Wybierz artykuł"
"Enter rate of the item","Wpisz cenę artykułu"
"You can add taxes here","Tutaj możesz dodać podatki"
"Select a customer for whom this invoice is being prepared.","Wybierz klienta, dla którego wystawiana jest faktura."
"Select item that you have sold along with quantity and rate.","Wybierz sprzedany artykuł wraz z ilością i ceną."
"Company for which this tax template will be applicable","Firma, dla której będzie obowiązywał ten szablon podatkowy"
"Is this Default Tax Template?","Czy to domyślny szablon podatkowy?"
"Taxes Table","Tabela podatków"
"You can add a row for a tax rule here. These rules can be applied on the net total, or can be a flat amount.","Tutaj możesz dodać wiersz z regułą podatkową. Reguły można stosować do wartości netto lub jako kwotę ryczałtową."
"Item Naming By","Nazewnictwo artykułów"
"Set a Default Warehouse for Inventory Transactions. This will be fetched into the Default Warehouse in the Item master.","Ustaw domyślny magazyn dla transakcji magazynowych. Zostanie on pobrany do pola Domyślny magazyn w kartotece artykułu."
"Choose between FIFO and Moving Average Valuation Methods. Click <a href=""https://docs.erpnext.com/docs/user/manual/en/stock/articles/item-valuation-fifo-and-moving-average"" target=""_blank"">here</a> to know more about them.","Wybierz między metodami wyceny FIFO i Średnia ruchoma. Kliknij <a href=""https://docs.erpnext.com/docs/user/manual/en/stock/articles/item-valuation-fifo-and-moving-average"" target=""_blank"">tutaj</a>, aby dowiedzieć się więcej."
"Select a name for the warehouse. This should reflect its location or purpose.","Wybierz nazwę magazynu. Powinna odzwierciedlać jego lokalizację lub przeznaczenie."
"Item Code","Kod artykułu"
"Enter code for the Item","Wpisz kod artykułu"
"Enter name for the Item","Wpisz nazwę artykułu"
"Item Group","Grupa artykułów"
"Select an Item Group","Wybierz grupę artykułów"
"Standard Selling Rate","Standardowa cena sprzedaży"
"When creating an Item, entering a value for this field will automatically create an Item Price at the backend. Entering a value after the Item has been saved will not work. In this case, the Item Price is created from any transactions with the Item.","Podczas tworzenia artykułu wpisanie wartości w tym polu automatycznie tworzy cenę artykułu w tle. Wpisanie wartości po zapisaniu artykułu nie zadziała - wówczas cena artykułu jest tworzona z transakcji zawierających ten artykuł."
"The purpose of the material request can be selected here. For now select ""Purchase"" as the purpose.","Tutaj możesz wybrać cel zapotrzebowania materiałowego. Na razie wybierz ""Zakup""."
"Setting the target warehouse sets it for all the items.","Ustawienie magazynu docelowego stosuje go do wszystkich pozycji."
"Items table","Tabela pozycji"
"Select an Item code. Item details will be fetched automatically.","Wybierz kod artykułu. Szczegóły artykułu zostaną pobrane automatycznie."
"Select the type of Stock Entry to be made. For now, to receive stock into a warehouses select <a href=""https://docs.erpnext.com/docs/v13/user/manual/en/stock/articles/stock-entry-purpose#2purpose-material-receipt"" target=""_blank"">Material Receipt.</a>","Wybierz typ dokumentu magazynowego. Aby przyjąć towary do magazynu, wybierz <a href=""https://docs.erpnext.com/docs/v13/user/manual/en/stock/articles/stock-entry-purpose#2purpose-material-receipt"" target=""_blank"">Przyjęcie materiałów.</a>"
"Select an item and entry quantity to be delivered.","Wybierz artykuł i wpisz ilość do wydania."
"Set Purpose to Opening Stock to set the stock opening balance.","Ustaw cel na Bilans otwarcia, aby ustawić stan otwarcia magazynu."
"Edit the Posting Date by clicking on the Edit Posting Date and Time checkbox below.","Edytuj datę księgowania klikając pole wyboru Edytuj datę i godzinę księgowania poniżej."
"Select the items for which the opening stock has to be set.","Wybierz artykuły, dla których należy ustawić stan otwarcia."
"Let’s walk-through Selling Settings","Przejrzyj ustawienia sprzedaży"
"Let’s convert your first Sales Order against a Quotation","Utwórz pierwsze zlecenie sprzedaży na podstawie oferty"
"Create a Fixed Asset Item","Utwórz pozycję środka trwałego"
"Purchase an Asset Item","Zakup pozycji środka trwałego"
"Let's create a new Asset item","Utwórz nową pozycję aktywów"
"# Asset Item
Asset items are created based on Asset Category. You can create one or multiple items against once Asset Category. The sales and purchase transaction for Asset is done via Asset Item. ","# Pozycja aktywów
If you are just starting with ERPNext, you will need to enter Assets you already possess. You can add them as existing fixed assets in ERPNext. Please note that you will have to make a Journal Entry separately updating the opening balance in the fixed asset account."
"With the company"," a host of fixed asset accounts are pre-configured. To ensure your asset transactions are leading to correct accounting entries"
"KSeF XML can only be generated for submitted invoices.","XML do KSeF można wygenerować tylko dla zatwierdzonych faktur."
"Company Tax ID (NIP) is missing. Please set the Tax ID in Company settings.","Brak NIP firmy. Uzupełnij Tax ID w ustawieniach firmy."
"Customer Tax ID (NIP) is missing. Please set the Tax ID for the customer.","Brak NIP nabywcy. Uzupełnij Tax ID klienta."
"Company address is missing. Please set it on the invoice or create a default address for the company.","Brak adresu firmy. Uzupełnij adres firmy na fakturze lub utwórz domyślny adres dla firmy."
"Customer address is missing. Please set it on the invoice or create a default address for the customer.","Brak adresu nabywcy. Uzupełnij adres klienta na fakturze lub utwórz domyślny adres dla klienta."
"VAT rate {0}% for item {1} is not a whole number. KSeF requires integer VAT rates (e.g. 23, 8, 5, 0).","Stawka VAT {0}% dla pozycji {1} nie jest liczbą całkowitą. KSeF wymaga całkowitych stawek VAT (np. 23, 8, 5, 0)."
"No VAT rate found for item {0}, defaulting to 23%.","Brak stawki VAT dla pozycji {0}, przyjęto domyślnie 23%."
"Discount Validity Based On","Ważność rabatu na podstawie"
"Discount Validity","Ważność rabatu"
"Advance Payment Date","Data płatności zaliczkowej"
"Oldest Of Invoice Or Advance","Najstarsza z faktury lub zaliczki"
"Reconcile on Advance Payment Date","Uzgodnij według daty zaliczkowej płatności"
"Enable Provisional Accounting For Non Stock Items","Włącz tymczasowe księgowanie dla pozycji niemagazynowych"
"Default Payment Discount Account","Domyślne konto rabatu płatności"
"Use Prices from Default Price List as Fallback","Użyj cen z domyślnego cennika jako zapasowych"
"Calculate Product Bundle Price based on Child Items' Rates","Oblicz cenę zestawu produktów na podstawie stawek pozycji składowych"
"Allow Negative rates for Items","Zezwól na ujemne stawki dla pozycji"
"Don't Reserve Sales Order Qty on Sales Return","Nie rezerwuj ilości zamówienia sprzedaży przy zwrocie"
"Allow Quotation with Zero Quantity","Zezwól na oferty z zerową ilością"
"Allows users to submit Quotations with zero quantity. Useful when rates are fixed but the quantities are not. Eg. Rate Contracts.","Umożliwia składanie ofert z zerową ilością. Przydatne gdy stawki są ustalone, ale ilości nie. Np. umowy stawkowe."
"Allow Sales Order with Zero Quantity","Zezwól na zamówienia sprzedaży z zerową ilością"
"Allows users to submit Sales Orders with zero quantity. Useful when rates are fixed but the quantities are not. Eg. Rate Contracts.","Umożliwia składanie zamówień sprzedaży z zerową ilością. Przydatne gdy stawki są ustalone, ale ilości nie. Np. umowy stawkowe."
"Buying & Selling Settings","Ustawienia kupna i sprzedaży"
"Automatically Add Filtered Item To Cart","Automatycznie dodaj przefiltrowane elementy do koszyka"
"Disable auto setting Grand Total to default Payment Mode","Wyłącz automatyczne ustawianie sumy całkowitej na domyślny sposób płatności"
"Print Receipt on Order Complete","Drukuj paragon po zakończeniu zamówienia"
"Allow Partial Payment","Zezwól na częściową płatność"
"VAT Tax Status","Status podatkowy VAT"
"Payment Days calculations are based on these Payroll Settings:","Obliczenia dni płatności opierają się na tych ustawieniach listy płac:"
"Configure how amended documents will be named. Default behaviour is to follow an amend counter which adds a number to the end of the original name indicating the amended version. Default Naming will make the amended document to behave same as new documents.","Skonfiguruj sposób, w jaki będą nazwane zmienione dokumenty. Domyślnym zachowaniem jest śledzenie licznika zmian, który dodaje numer na koniec pierwotnej nazwy wskazując zmienioną wersję. Nazewnictwo domyślne spowoduje, że zmieniony dokument będzie zachowywać się jak nowe dokumenty."
"Recurring Sales Order","Cykliczne zamówienie sprzedaży"
"Applying Discount","Stosowanie rabatu"
"Close Sales Order","Zamknij zamówienie sprzedaży"
"Recurring Sales Invoice","Cykliczna faktura sprzedaży"
"Create Income Tax Slab","Utwórz Próg Podatku Dochodowego"
"Delivery Note has been submitted successfully","Dokument Dostawy został pomyślnie przesłany"
"Item Code (Final Product)","Kod Produktu (Produkt Końcowy)"
"Finished Goods Item","Pozycja Wyrobów Gotowych"
"Select Items to Manufacture","Wybierz Produkty do Produkcji"
"Is Stock Item","Jest Produktem Magazynowym"
"Consolidate Sales Order Items","Konsoliduj Pozycje Zamówień Klientów"
"Assembly Items","Elementy Montażowe"
"Consider Minimum Order Qty","Uwzględnij Minimalną Ilość Zamówienia"
"Customer Portal Users","Użytkownicy Portalu Klienta"
"pl","Applies to Order Type"
"If series is set and Serial No is not mentioned in transactions"," then automatic serial number will be created based on this series. If you always want to explicitly mention Serial Nos for this item. leave this blank."""
"Customer Name","Nazwa klienta"
"Include Payment (POS)","Uwzględnij płatność (POS)"
"POS Profile","Profil POS"
"Payment Due Date","Termin płatności"
"Update Billed Amount in Sales Order","Aktualizuj zafakturowaną kwotę w zleceniu sprzedaży"
"Update Billed Amount in Delivery Note","Aktualizuj zafakturowaną kwotę w dokumencie WZ"
"Customer PO Details","Szczegóły zamówienia zakupu klienta"
"Customer's Purchase Order Date","Data zamówienia zakupu klienta"
"Customer Address","Adres klienta"
"Rate at which Customer Currency is converted to customer's base currency","Kurs, po którym waluta klienta jest przeliczana na walutę bazową klienta"
"Rate at which Price list currency is converted to customer's base currency","Kurs, po którym waluta cennika jest przeliczana na walutę bazową klienta"
"Packed Items","Zapakowane pozycje"
"Sales Taxes and Charges Template","Szablon podatków i opłat sprzedaży"
"In Words will be visible once you save the Sales Invoice.","Pole \Słownie\"" będzie widoczne po zapisaniu faktury sprzedaży."""
"Sales Invoice Payment","Płatność faktury sprzedaży"
"Customer Group","Grupa klientów"
"Is Discounted","Czy z rabatem"
"Sales Partner","Partner sprzedaży"
"Sales Team","Zespół sprzedaży"
"Sales Contributions and Incentives","Prowizje i premie sprzedażowe"
"Is Internal Customer","Czy klient wewnętrzny"
"Company which internal customer represents","Firma, którą reprezentuje klient wewnętrzny"
"Discount Account","Konto rabatowe"
"Row #{0}: You must select an Asset for Item {1}.","Wiersz #{0}: musisz wybrać środek trwały dla pozycji {1}."
"Total payments amount can't be greater than {}","Łączna kwota płatności nie może być większa niż {}"
"At least one mode of payment is required for POS invoice.","Co najmniej jeden sposób płatności jest wymagany dla faktury POS."
"To cancel a {} you need to cancel the POS Closing Entry {}.","Aby anulować {}, musisz najpierw anulować wpis zamknięcia POS {}."
"Consolidated Sales Invoice","Skonsolidowana faktura sprzedaży"
"Row {0}: Sales Invoice {1} is already created for {2}","Wiersz {0}: faktura sprzedaży {1} została już utworzona dla {2}"
"Timesheet {0} cannot be invoiced in its current state","Karty czasu pracy {0} nie można zafakturować w jej obecnym stanie"
"Against Customer Order {0}","Na podstawie zamówienia klienta {0}"
"{0} is mandatory for Item {1}","{0} jest wymagane dla pozycji {1}"
"Customer {0} does not belong to project {1}","Klient {0} nie należy do projektu {1}"
"Warehouse required for stock Item {0}","Wymagany jest magazyn dla pozycji magazynowej {0}"
"Stock cannot be updated against Delivery Note {0}","Nie można zaktualizować stanu magazynowego na podstawie dokumentu WZ {0}"
"Could not update stock, invoice contains drop shipping item.","Nie można zaktualizować stanu magazynowego, faktura zawiera pozycję dropshippingową."
"POS Profile required to make POS Entry","Do utworzenia wpisu POS wymagany jest profil POS"
"Sales Order {0} is not submitted","Zlecenie sprzedaży {0} nie zostało zatwierdzone"
"Delivery Note {0} is not submitted","Dokument WZ {0} nie został zatwierdzony"
"This schedule was created when Asset {0} was {1} through Sales Invoice {2}.","Ten harmonogram został utworzony, gdy środek trwały {0} został {1} przez fakturę sprzedaży {2}."
"This schedule was created when Asset {0} was returned through Sales Invoice {1}.","Ten harmonogram został utworzony, gdy środek trwały {0} został zwrócony przez fakturę sprzedaży {1}."
"This schedule was created when Asset {0} was restored due to Sales Invoice {1} cancellation.","Ten harmonogram został utworzony, gdy środek trwały {0} został przywrócony z powodu anulowania faktury sprzedaży {1}."
"Return invoice of asset cancelled","Anulowano fakturę zwrotu środka trwałego"
"Row #{0} (Payment Table): Amount must be positive","Wiersz #{0} (tabela płatności): kwota musi być dodatnia"
"Row #{0} (Payment Table): Amount must be negative","Wiersz #{0} (tabela płatności): kwota musi być ujemna"
"Invoices","Faktury"
"Please set default Cash or Bank account in Mode of Payment {0}","Ustaw domyślne konto gotówkowe lub bankowe w sposobie płatności {0}"
"Please set default Cash or Bank account in Mode of Payment {}","Ustaw domyślne konto gotówkowe lub bankowe w sposobie płatności {}"
"No Customer found for Inter Company Transactions which represents company {0}","Nie znaleziono klienta dla transakcji międzyfirmowych, który reprezentuje firmę {0}"
"Selected Price List should have buying and selling fields checked.","Wybrany cennik powinien mieć zaznaczone pola zakupu i sprzedaży."
"Please set default Cash or Bank account in Mode of Payments {}","Ustaw domyślne konto gotówkowe lub bankowe w sposobach płatności {}"
"Payment methods refreshed. Please review before proceeding.","Metody płatności zostały odświeżone. Sprawdź je przed kontynuowaniem."
"Please cancel and amend the Payment Entry","Anuluj i popraw wpis płatności"
"to unallocate the amount of this Return Invoice before cancelling it.","aby odpiąć kwotę tej faktury zwrotnej przed jej anulowaniem."
"Delivery Note","Dokument WZ"
"Invoice Discounting","Dyskontowanie faktury"
"Average Order Value","Średnia wartość zamówienia"
"Average Order Values","Średnie wartości zamówień"
"Create Item","Utwórz pozycję"
"Create Purchase Invoice","Utwórz fakturę zakupu"
"Create Purchase Order","Utwórz zamówienie zakupu"
"Customer Acquisition and Loyalty","Pozyskanie i lojalność klientów"
"Customer Addresses And Contacts","Adresy i kontakty klientów"
"Inactive Customers","Nieaktywni klienci"
"Items & Pricing","Pozycje i ceny"
"Material Requests for which Supplier Quotations are not created","Zapytania materiałowe bez utworzonych ofert dostawców"
"Pending SO Items to Be PO","Oczekujące pozycje zleceń sprzedaży do zamówienia zakupu"
"Purchase Invoice Trends","Trendy faktur zakupu"
"Purchase Order Analysis","Analiza zamówień zakupu"
"Purchase Order Trends","Trendy zamówień zakupu"
"Purchase Orders Count","Liczba zamówień zakupu"
"Quotation Trends","Trendy ofert"
"Sales Analytics","Analityka sprzedaży"
"Sales Funnel","Lejek sprzedaży"
"Sales Order Trends","Trendy zamówień sprzedaży"
"Sales Orders Count","Liczba zamówień sprzedaży"
"Sales Partners Commission","Prowizja partnerów sprzedaży"
"Sales Person-wise Transaction Summary","Podsumowanie transakcji według przedstawiciela handlowego"
"Selling","Sprzedaż"
"Supplier Quotation Comparison","Porównanie ofert dostawców"
"Territory Target Variance Based On Items","Odchylenie celu terytorium według pozycji"
"Territory Target Variance Based On Sales Orders","Odchylenie celu terytorium według zamówień sprzedaży"
"View Purchase Order Analysis","Wyświetl analizę zamówień zakupu"
"Sales Person","Przedstawiciel handlowy"
"Please Select a Customer","Wybierz klienta"
"You can only redeem max {0} points in this order.","W tym zamówieniu możesz wykorzystać maksymalnie {0} punktów."
"Salary Mode","Sposób wypłaty wynagrodzenia"
"Type of Payment","Rodzaj płatności"
"Payment Type","Typ płatności"
"Payment From / To","Płatność z / do"
"Payment References","Referencje płatności"
"Payment Deductions or Loss","Potrącenia lub straty w płatności"
"Payment Order","Zlecenie płatności"
"Payment Order Status","Status zlecenia płatności"
"Advance Taxes and Charges","Zaliczki podatków i opłat"
"Paid Amount After Tax","Zapłacona kwota po podatku"
"Paid Amount After Tax (Company Currency)","Zapłacona kwota po podatku (waluta firmy)"
"Received Amount After Tax","Otrzymana kwota po podatku"
"Received Amount After Tax (Company Currency)","Otrzymana kwota po podatku (waluta firmy)"
"Get Outstanding Invoices","Pobierz nieopłacone faktury"
"Get Outstanding Orders","Pobierz nieopłacone zamówienia"
"Book Advance Payments as Liability option is chosen. Paid From account changed from {0} to {1}.","Wybrano opcję księgowania zaliczek jako zobowiązań. Konto źródłowe zmieniono z {0} na {1}."
"Cannot receive from customer against negative outstanding","Nie można przyjąć płatności od klienta przy ujemnym saldzie"
"Incorrect Payment Type","Nieprawidłowy typ płatności"
"Row #{0}: Allocated Amount cannot be greater than Outstanding Amount of Payment Request {1}","Wiersz #{0}: przypisana kwota nie może być większa niż kwota pozostała do zapłaty we wniosku płatności {1}"
"{0} has Payment Term based allocation enabled. Select a Payment Term for Row #{1} in Payment References section","{0} ma włączone przypisywanie na podstawie warunków płatności. Wybierz warunek płatności dla wiersza #{1} w sekcji referencji płatności"
"{0} {1} has already been partly paid. Please use the 'Get Outstanding Invoice' or the 'Get Outstanding Orders' button to get the latest outstanding amounts.","{0} {1} zostało już częściowo opłacone. Użyj przycisku 'Pobierz nieopłacone faktury' lub 'Pobierz nieopłacone zamówienia', aby pobrać najnowsze kwoty pozostające do zapłaty."
"Row #{0}: Allocated amount:{1} is greater than outstanding amount:{2} for Payment Term {3}","Wiersz #{0}: przypisana kwota {1} jest większa niż kwota pozostała do zapłaty {2} dla warunku płatności {3}"
"Payment Type must be one of Receive, Pay and Internal Transfer","Typ płatności musi być jednym z: Receive, Pay lub Internal Transfer"
"Invalid Purchase Invoice","Nieprawidłowa faktura zakupu"
"References {0} of type {1} had no outstanding amount left before submitting the Payment Entry. Now they have a negative outstanding amount.","Referencje {0} typu {1} nie miały żadnej kwoty pozostałej do zapłaty przed zatwierdzeniem wpisu płatności. Teraz mają ujemne saldo."
"If this is undesirable please cancel the corresponding Payment Entry.","Jeśli to nie jest pożądane, anuluj odpowiedni wpis płatności."
"Payment term {0} not used in {1}","Warunek płatności {0} nie został użyty w {1}"
"Row #{0}: Cannot allocate more than {1} against payment term {2}","Wiersz #{0}: nie można przypisać więcej niż {1} do warunku płatności {2}"
"Cannot {0} from {1} without any negative outstanding invoice","Nie można wykonać {0} z {1} bez żadnej faktury z ujemnym saldem"
"payment_request","wniosek_płatności"
"To include tax in row {0} in Item rate, taxes in rows {1} must also be included","Aby uwzględnić podatek w wierszu {0} w cenie pozycji, podatki w wierszach {1} też muszą zostać uwzględnione"
"Charge of type 'Actual' in row {0} cannot be included in Item Rate or Paid Amount","Opłata typu 'Actual' w wierszu {0} nie może zostać uwzględniona w cenie pozycji ani w zapłaconej kwocie"
"Splitting {0} {1} into {2} rows as per Payment Terms","Dzielenie {0} {1} na {2} wiersze zgodnie z warunkami płatności"
"Account: {0} is not permitted under Payment Entry","Konto: {0} nie jest dozwolone w wpisie płatności"
"Can only make payment against unbilled {0}","Płatność można wykonać tylko względem niezafakturowanego {0}"
"Discount of {} applied as per Payment Term","Zastosowano rabat {} zgodnie z warunkiem płatności"
"Please select Posting Date before selecting Party","Wybierz datę księgowania przed wyborem podmiotu"
"Allocate Payment Amount","Przypisz kwotę płatności"
"Row #{0}: Reference Document Type must be one of Sales Order, Sales Invoice, Journal Entry or Dunning","Wiersz #{0}: typ dokumentu referencji musi być jednym z: Sales Order, Sales Invoice, Journal Entry lub Dunning"
"Row #{0}: Reference Document Type must be one of Purchase Order, Purchase Invoice or Journal Entry","Wiersz #{0}: typ dokumentu referencji musi być jednym z: Purchase Order, Purchase Invoice lub Journal Entry"
"Actual type tax cannot be included in Item rate in row {0}","Podatek typu Actual nie może zostać uwzględniony w cenie pozycji w wierszu {0}"
"For row {0} in {1}. To include {2} in Item rate, rows {3} must also be included","Dla wiersza {0} w {1}. Aby uwzględnić {2} w cenie pozycji, trzeba też uwzględnić wiersze {3}"
"Unset Matched Payment Request","Usuń dopasowanie wniosku płatności"
"Allocate Payment Request","Przypisz wniosek płatności"
"Purchase Invoice","Faktura zakupu"
"Purchase Invoices","Faktury zakupu"
"Tax Id","NIP"
"Apply Tax Withholding Amount","Zastosuj kwotę podatku u źródła"
"Posting Time","Godzina księgowania"
"Edit Posting Date and Time","Edytuj datę i godzinę księgowania"
"Hold Invoice","Wstrzymaj fakturę"
"Once set, this invoice will be on hold till the set date","Po ustawieniu ta faktura będzie wstrzymana do wskazanej daty"
"Supplier Invoice No","Numer faktury dostawcy"
"Supplier Invoice Date","Data faktury dostawcy"
"Return Against Purchase Invoice","Zwrot do faktury zakupu"
"Update Billed Amount in Purchase Order","Aktualizuj zafakturowaną kwotę w zamówieniu zakupu"
"Currency and Price List","Waluta i cennik"
"Price List","Cennik"
"Price List Currency","Waluta cennika"
"Price List Exchange Rate","Kurs wymiany cennika"
"Supplied Items","Dostarczone pozycje"
"Purchase Receipt Item Supplied","Pozycja dostarczona w przyjęciu zakupu"
"Taxes and Charges","Podatki i opłaty"
"Tax Category","Kategoria podatku"
"Purchase Taxes and Charges Template","Szablon podatków i opłat zakupu"
"Purchase Taxes and Charges","Podatki i opłaty zakupu"
"Tax Breakup","Rozbicie podatku"
"Taxes and Charges Calculation","Kalkulacja podatków i opłat"
"Taxes and Charges Added (Company Currency)","Podatki i opłaty dodane (waluta firmy)"
"Taxes and Charges Deducted (Company Currency)","Podatki i opłaty odjęte (waluta firmy)"
"Total Taxes and Charges (Company Currency)","Łączne podatki i opłaty (waluta firmy)"
"Taxes and Charges Added","Podatki i opłaty dodane"
"Taxes and Charges Deducted","Podatki i opłaty odjęte"
"Total Taxes and Charges","Łączne podatki i opłaty"
"Additional Discount","Dodatkowy rabat"
"Apply Additional Discount On","Zastosuj dodatkowy rabat na"
"Additional Discount Amount (Company Currency)","Kwota dodatkowego rabatu (waluta firmy)"
"Additional Discount Percentage","Procent dodatkowego rabatu"
"Additional Discount Amount","Kwota dodatkowego rabatu"
"Payments","Płatności"
"Mode of Payment","Sposób płatności"
"Advance Payments","Płatności zaliczkowe"
"Payment Terms","Warunki płatności"
"Payment Terms Template","Szablon warunków płatności"
"Payment Schedule","Harmonogram płatności"
"Group same items","Grupuj te same pozycje"
"Inter Company Invoice Reference","Odwołanie do faktury międzyfirmowej"
"Start date of current invoice's period","Data początkowa bieżącego okresu faktury"
"End date of current invoice's period","Data końcowa bieżącego okresu faktury"
"Tax Withholding Category","Kategoria podatku u źródła"
"Ignore Default Payment Terms Template","Ignoruj domyślny szablon warunków płatności"
"Advance Tax","Zaliczka podatku"
"Tax Withholding Net Total","Netto po potrąceniu podatku u źródła"
"Base Tax Withholding Net Total","Bazowa wartość netto po potrąceniu podatku u źródła"
"Tax Withheld Vouchers","Potrącone vouchery podatkowe"
"Only Include Allocated Payments","Uwzględniaj tylko przypisane płatności"
"Advance payments allocated against orders will only be fetched","Pobierane będą tylko płatności zaliczkowe przypisane do zamówień"
"Cash or Bank Account is mandatory for making payment entry","Konto gotówkowe lub bankowe jest wymagane do utworzenia płatności"
"Against Supplier Invoice {0}","Na podstawie faktury dostawcy {0}"
"Row No {0}: Warehouse is required. Please set a Default Warehouse for Item {1} and Company {2}","Wiersz nr {0}: wymagany jest magazyn. Ustaw domyślny magazyn dla pozycji {1} i firmy {2}"
"Item Code required at Row No {0}","Wymagany kod pozycji w wierszu nr {0}"
"Row {0}: Expense Head changed to {1} as no Purchase Receipt is created against Item {2}.","Wiersz {0}: zmieniono konto kosztów na {1}, ponieważ nie utworzono przyjęcia zakupu dla pozycji {2}."
"This is done to handle accounting for cases when Purchase Receipt is created after Purchase Invoice","To służy obsłudze księgowania w przypadkach, gdy przyjęcie zakupu jest tworzone po fakturze zakupu"
"Expense account is mandatory for item {0}","Konto kosztów jest wymagane dla pozycji {0}"
"Purchase Order Required for item {}","Wymagane zamówienie zakupu dla pozycji {}"
"To submit the invoice without purchase order please set {0} as {1} in {2}","Aby zatwierdzić fakturę bez zamówienia zakupu, ustaw {0} jako {1} w {2}"
"Mandatory Purchase Order","Zamówienie zakupu jest obowiązkowe"
"Purchase Receipt Required for item {}","Wymagane przyjęcie zakupu dla pozycji {}"
"To submit the invoice without purchase receipt please set {0} as {1} in {2}","Aby zatwierdzić fakturę bez przyjęcia zakupu, ustaw {0} jako {1} w {2}"
"Purchase Order {0} is not submitted","Zamówienie zakupu {0} nie zostało zatwierdzone"
"Stock cannot be updated for Purchase Invoice {0} because a Purchase Receipt {1} has already been created for this transaction. Please disable the 'Update Stock' checkbox in the Purchase Invoice and save the invoice.","Nie można zaktualizować stanu magazynowego dla faktury zakupu {0}, ponieważ dla tej transakcji zostało już utworzone przyjęcie zakupu {1}. Wyłącz pole wyboru „Aktualizuj stan magazynowy” w fakturze zakupu i zapisz dokument."
"Cost Center is required in row {0} in Taxes table for type {1}","Centrum kosztów jest wymagane w wierszu {0} w tabeli podatków dla typu {1}"
"Opening Invoice has rounding adjustment of {0}.<br><br> '{1}' account is required to post these values. Please set it in Company: {2}.<br><br> Or, '{3}' can be enabled to not post any rounding adjustment.","Faktura otwierająca ma korektę zaokrąglenia w wysokości {0}.<br><br> Konto „{1}” jest wymagane do zaksięgowania tych wartości. Ustaw je w firmie: {2}.<br><br> Można też włączyć „{3}”, aby nie księgować żadnej korekty zaokrąglenia."
"Supplier Invoice No exists in Purchase Invoice {0}","Numer faktury dostawcy już istnieje w fakturze zakupu {0}"
"Unblock Invoice","Odblokuj fakturę"
"Block Invoice","Zablokuj fakturę"
"Payment","Płatność"
"Payment Request","Wniosek o płatność"
"Purchase Order","Zamówienie zakupu"
"Get Items From","Pobierz pozycje z"
"Choose how you want to use the application by setting your preferences.","Wybierz sposób korzystania z aplikacji, ustawiając swoje preferencje."
"Automatically sets Communication Status to “Open” for the lead or deal when a new communication is created. Applies only when SLA is enabled","Automatycznie ustawia status komunikacji na „Otwarte” dla leada lub transakcji po utworzeniu nowej komunikacji. Dotyczy tylko włączonego SLA"
"Automatically sets Communication Status to “Replied” for the lead or deal when a response is received. Applies only when SLA is enabled","Automatycznie ustawia status komunikacji na „Odpowiedziano” dla leada lub transakcji po otrzymaniu odpowiedzi. Dotyczy tylko włączonego SLA"
"Configure how your dashboard calculates, formats, and displays key metrics, including forecasting, deal values, and currency settings","Skonfiguruj sposób obliczania, formatowania i wyświetlania kluczowych metryk na pulpicie, w tym prognoz, wartości transakcji i ustawień waluty"
"Auto-assign leads/deals to the right sales user based on predefined conditions","Automatycznie przypisuj leady/transakcje do właściwego użytkownika sprzedaży na podstawie zdefiniowanych warunków"
"Create customer in ERPNext when the deal status is changed","Utwórz klienta w ERPNext po zmianie statusu transakcji"
"Select the deal status to trigger the auto customer creation in ERPNext","Wybierz status transakcji, który uruchomi automatyczne tworzenie klienta w ERPNext"
"Auto Create Customer","Automatyczne tworzenie klienta"
"Lead Sources","Źródła leadów"
"Add, edit, and manage sources for automatic lead syncing to your CRM","Dodawaj, edytuj i zarządzaj źródłami automatycznej synchronizacji leadów z CRM"
"Allow material consumptions without immediately manufacturing finished goods against a Work Order","Zezwalaj na zużycie materiałów bez natychmiastowego wytwarzania wyrobów gotowych dla zlecenia pracy"
"Allow Editing of Items and Quantities in Work Order","Zezwalaj na edycję pozycji i ilości w zleceniu pracy"
"Set Operating Cost / Scrap Items From Sub-assemblies","Ustaw koszt operacyjny / pozycje odpadu z podzespołów"
"To include sub-assembly costs and scrap items in Finished Goods on a work order without using a job card, when the 'Use Multi-Level BOM' option is enabled.","Uwzględnia koszty podzespołów i pozycje odpadu w wyrobach gotowych w zleceniu pracy bez użycia karty pracy, gdy opcja „Użyj wielopoziomowego BOM” jest włączona."
"Restart the SLA each time the customer replies (status changes to Open) and fulfill it when marked as Replied","Uruchom SLA ponownie za każdym razem, gdy klient odpowie (status zmienia się na Otwarte), i zrealizuj je po oznaczeniu jako Odpowiedziano"
"Choose which leads/deals are affected by this policy.","Wybierz, których leadów/transakcji dotyczy ta zasada."
"Lead","Lead"
"About this batch","Informacje o tej partii"
"Add Serial / Batch No","Dodaj numer seryjny / partii"
"Allow existing Serial No to be Manufactured/Received again","Zezwól na ponowne wyprodukowanie/odebranie istniejącego numeru seryjnego"
"Amount and currency are required for paid certificates.","Kwota i waluta są wymagane dla płatnych certyfikatów."
"Amount and currency are required for paid courses.","Kwota i waluta są wymagane w przypadku płatnych kursów."
"Amount due:","Pozostało do zapłaty:"
"Amount Eligible for Commission","Kwota kwalifikująca się do prowizji"
"Amount in words","Słownie"
"Amount should not be less than zero","Kwota nie powinna być mniejsza niż zero"
"Amount with GST","Kwota z podatkiem GST"
"Appears when the batch URL is shared on any online platform","Pojawia się, gdy adres URL partii jest udostępniany na dowolnej platformie internetowej."
"Appears when the batch URL is shared on socials","Pojawia się, gdy adres URL partii jest udostępniany w serwisach społecznościowych."
"As per Stock UOM","Zgodnie z jednostką miary magazynowej"
"Auto Create Exchange Rate Revaluation","Automatyczne tworzenie aktualizacji kursu wymiany"
"Batch is sold out.","Grupa została wyprzedana."
"Batch start time cannot be greater than or equal to end time.","Czas rozpoczęcia grupy nie może być większy lub równy czasowi zakończenia."
"Batch-Wise Balance History","Historia sald z uwzględnieniem partii"
"Configure the Exchange Rate Provider for your CRM","Skonfiguruj dostawcę kursów walut dla swojego CRM"
"Batch:","Grupa:"
"Batches","Serie"
"Billing Address Details","Szczegóły adresu rozliczeniowego"
"Billing Interval in Subscription Plan must be Month to follow calendar months","Interwał rozliczeniowy w planie subskrypcji musi być miesiącem następującym po miesiącach kalendarzowych."
"Brand Logo","Logo marki"
"Brand name","Nazwa marki"
"Brand settings","Ustawienia marki"
"Brand Settings","Ustawienia Marki"
"Certificates generated successfully","Certyfikaty wygenerowane pomyślnie"
"Company Address","Adres firmy"
"Company Billing Address","Adres rozliczeniowy firmy"
"Company Contact Person","Osoba kontaktowa w firmie"
"Company Shipping Address","Adres wysyłkowy firmy"
"Configure the action to stop the transaction or just warn if the same rate is not maintained.","Skonfiguruj akcję, aby zatrzymać transakcję lub tylko ostrzec, jeśli ta sama stawka nie zostanie utrzymana."
"Configure the currency and exchange rate provider for your CRM","Skonfiguruj walutę i dostawcę kursów wymiany dla swojego CRM"
"Configure the exchange rate provider for your CRM","Skonfiguruj dostawcę kursów walut dla swojego CRM"
"Configure your brand name, logo and favicon","Skonfiguruj nazwę marki, logo i favicon"
"Consider Rejected Warehouses","Rozważenie odrzuconych magazynów"
"Considered In Paid Amount","Uwzględnione w opłaconej kwocie"
"Contact & Address","Kontakt i adres"
"Contacted","Skontaktowano"
"Create Job Card based on Batch Size","Tworzenie karty zadania na podstawie rozmiaru partii"
"Create Ledger Entries for Change Amount","Twórz zapisy księgowe dla kwoty reszty"
"Criteria based on which employee should be rated in Performance Feedback and Self Appraisal","Kryteria, na podstawie których pracownik powinien być oceniany w ramach informacji zwrotnej o wynikach i samooceny"
"CRM Contacts Pola","Kontakty CRM Pola"
"Currency & Exchange Rate","Waluta i kurs wymiany"
"Currency & Exchange rate provider","Dostawca walut i kursów wymiany"
"Deals by territory","Transakcje według terytorium"
"Default In-Transit Warehouse","Domyślny magazyn tranzytowy"
"Difference Amount","Różnica kwoty"
"Dispatch Address","Adres wysyłki"
"Dispatch Address Name","Nazwa adresu wysyłki"
"Easy warehouse","Łatwy magazyn"
"Enable Website Tracking","Włącz śledzenie witryny"
"End of the current subscription period","Koniec bieżącego okresu subskrypcji"
"Ex: Instead of AED -> INR, system will do AED -> USD -> INR using the pegged exchange rate of AED against USD.","Przykład: Zamiast AED -> INR, system dokona AED -> USD -> INR używając powiązanego kursu wymiany AED względem USD."
"Exchange rate provider","Dostawca kursów walut"
"Exchange Rate Revaluation Settings","Ustawienia przeszacowania kursu walutowego"
"Fetch Valuation Rate for Internal Transaction","Pobierz kurs wyceny dla transakcji wewnętrznej"
"FG Warehouse","Magazyn wyrobów gotowych"
"For dunning fee and interest","Opłata za monit i odsetki"
"Fulfillment User","Operator centrum logistycznego"
"Generate 3 preview of names generate by any valid series.","Wygeneruj 3 podglądy nazw wygenerowanych przez dowolną prawidłową serię."
"Generate Random Password","Generowanie losowego hasła"
"Gross amount","Wartość brutto"
"Handling of returned goods","Obsługa zwróconych towarów"
"Hour Rate (Company Currency)","Stawka godzinowa (waluta firmy)"
"Ignore Exchange Rate Revaluation and Gain / Loss Journals","Ignoruj przeszacowanie kursu walut i dzienniki zysków / strat"
"Ignore System Generated Credit / Debit Notes","Ignoruj automatycznie wygenerowane noty Winien / Ma"
"Introduction to Website","Wprowadzenie do strony internetowej"
"Inventory, Warehouses, Analysis, and more.","Zapasy, magazyny, analizy i wiele więcej."
"Is Group Warehouse","Jest grupą magazynów"
"Is Rate Adjustment Entry (Debit Note)","Jest korektą stawki (nota debetowa)"
"Last Reset Password Key Generated On","Klucz ostatniego resetowania hasła wygenerowany w dniu"
"Link that is the website home page. Standard Links (home, login, products, blog, about, contact)","Link będący stroną główną witryny. Standardowe linki (strona główna, logowanie, produkty, blog, informacje, kontakt)"
"Maintain Same Rate Throughout Internal Transaction","Utrzymuj tę samą stawkę w całej transakcji wewnętrznej"
"Manage your courses and batches at a glance","Zarządzanie kursami i partiami w mgnieniu oka"
"Maximum benefit of employee {0} exceeds {1} by the sum {2} of benefit application pro-rata component amount and previous claimed amount","Maksymalne świadczenie pracownika {0} przekracza {1} o sumę {2} proporcjonalnej kwoty składnika wniosku o świadczenie i poprzedniej wnioskowanej kwoty."
"Maximum Net Rate","Maksymalna stawka netto"
"Minimum Net Rate","Minimalna stawka netto"
"New contact will be created based on the person's details","Nowy kontakt zostanie utworzony na podstawie danych tej osoby."
"Dunning reminder","Przypomnienie o zaległej płatności"
"On Previous Row Amount","Kwota w poprzednim wierszu"
"On submission of the stock transaction, system will auto create the Serial and Batch Bundle based on the Serial No / Batch fields.","Po przesłaniu transakcji magazynowej system automatycznie utworzy Serial i Batch Bundle na podstawie pól Serial No / Batch."
"Pick Serial / Batch Based On","Wybierz serię / partię na podstawie"
"Pick Serial / Batch No","Wybierz numer seryjny / numer partii"
"Picked Qty (in Stock UOM)","Wybrana ilość (w jednostce magazynowej)"
"Please ensure all billing information is accurate before initiating the recalculation.","Przed rozpoczęciem ponownego obliczania upewnij się, że wszystkie dane rozliczeniowe są poprawne."
"Please enter a valid email address.","Wprowadź prawidłowy adres e-mail."
"Please enter Shipment Parcel information","Wprowadź informacje o przesyłce"
"Please mention 'Weight UOM' along with Weight.","Należy podać 'Waga jednostkowa' wraz z wagą."
"Primary Address and Contact","Główny adres i kontakt"
"Publish in Website","Publish in Website"
"Purchase Receipt (Draft) will be auto-created on submission of Subcontracting Receipt.","Przyjęcie zamówienia (wersja robocza) zostanie automatycznie utworzone po przedłożeniu pokwitowania podwykonawstwa."
"Qty in Stock UOM","Ilość w magazynie JM"
"Quick Warehouse","Szybki magazyn"
"Rate of Stock UOM","Stawka magazynowa UOM"
"Receivable Account","Rachunek należności"
"Repay Unclaimed Amount from Salary","Zwrot nieodebranej kwoty z wynagrodzenia"
"Return / Credit Note","Zwrot / Nota kredytowa"
"Return Issued","Wydany zwrot"
"Returned Qty","Zwrócona ilość"
"Row #{0}: Timesheet amount will overwrite the Earning component amount for the Salary Component {1}","Wiersz #{0}: Kwota arkusza czasu pracy zastąpi kwotę składnika zarobków dla składnika wynagrodzenia {1}."
"Row No {0}: Amount cannot be greater than the Outstanding Amount against Expense Claim {1}. Outstanding Amount is {2}","Wiersz nr {0}: Kwota nie może być wyższa niż kwota pozostająca do spłaty z tytułu roszczenia dotyczącego wydatków {1}. Kwota pozostała do spłaty wynosi {2}"
"Segregate Serial / Batch Bundle","Segregacja pakietów seryjnych / wsadowych"
"Serial and Batch Bundle","Pakiet numerów seryjnych i partii"
"Serial and Batch Nos will be auto-reserved based on Pick Serial / Batch Based On","Numery seryjne i numery partii zostaną automatycznie zarezerwowane na podstawie opcji Wybierz serię / partię na podstawie"
"Serial and Batch Reservation","Rezerwacja seryjna i wsadowa"
"Setup a Warehouse","Skonfiguruj magazyn"
"Shipment","Wysyłka"
"Shipment Amount","Shipment Amount"
"Shipment ID","Identyfikator przesyłki"
"Shipment Parcel","Paczka nadawcza"
"Show Disabled Warehouses","Pokaż wyłączone magazyny"
"Source Warehouse Address Link","Źródło Adres magazynu Łącze"
"Stock Reserved Qty (in Stock UOM)","Zarezerwowana ilość (w jednostce magazynowej)"
"Stock UOM Quantity","Stock JM Ilość"
"Subcontracting Receipt","Potwierdzenie podwykonawstwa"
"Subscription Status","Status subskrypcji"
"Supplier Primary Address","Główny adres dostawcy"
"Supplier Primary Contact","Dostawca Główny Kontakt"
"Target Warehouse Address Link","Link do adresu magazynu docelowego"
"The date on which Salary Component with Amount will contribute for Earnings/Deduction in Salary Slip.","Data, w której składnik wynagrodzenia z kwotą zostanie przekazany na poczet zarobków/potrąceń na odcinku wynagrodzenia."
"The rate used to convert the deal’s currency to your crm's base currency (set in CRM Settings). It is set once when the currency is first added and doesn't change automatically.","Kurs używany do przeliczania waluty transakcji na walutę bazową CRM (ustawioną w Ustawieniach CRM). Jest on ustawiany raz, gdy waluta jest dodawana po raz pierwszy i nie zmienia się automatycznie."
"The rate used to convert the organization’s currency to your crm's base currency (set in CRM Settings). It is set once when the currency is first added and doesn't change automatically.","Kurs używany do przeliczania waluty organizacji na walutę bazową CRM (ustawioną w Ustawieniach CRM). Jest on ustawiany raz, gdy waluta jest dodawana po raz pierwszy i nie zmienia się automatycznie."
"Total Costing Amount","Całkowita kwota kosztów"
"Total Costing Amount (via Time Sheet)","Całkowita kwota kosztów (za pośrednictwem arkusza czasu pracy)"
"Total Purchase Amount","Łączna kwota zakupu"
"Total Receivable Amount","Całkowita kwota należności"
"TOTAL WAREHOUSES","ŁĄCZNA LICZBA MAGAZYNÓW"
"Type an email address to invite","Wpisz adres e-mail, aby zaprosić"
"Unallocated Amount","Nieprzydzielona kwota"
"UoM","jm"
"Update Rate as per Last Purchase","Aktualizuj stawkę zgodnie z ostatnim zakupem"
"Upon enabling this, the JV will be submitted for a different exchange rate.","Po włączeniu tej opcji, JV zostanie przesłane do innego kursu wymiany."
"Use Serial / Batch Fields","Użyj pól seryjnych / wsadowych"
"Use Serial No / Batch Fields","Użyj pól numeru seryjnego / numeru partii"
"Use Serial/Batch Fields","Użyj pól seryjnych / wsadowych"
"Use Transaction Date Exchange Rate","Użyj Data transakcji Kurs wymiany"
"Variant Attributes","Atrybuty wariantu"
"Visit LMS Portal","Odwiedź portal LMS"
"Warehouse Wise Stock Balance","Saldo zapasów w magazynie"
"Warehouse wise Stock Value","Wartość zapasów według magazynu"
"Warehouse-wise Stock Summary","Podsumowanie magazynowe według magazynów"
"Website Search Field","Pole wyszukiwania w witrynie"
"Website Search Field must be a valid fieldname","Pole wyszukiwania w witrynie musi być prawidłową nazwą pola"
"You can claim only an amount of {0}, the rest amount {1} should be in the application as pro-rata component","Możesz ubiegać się tylko o kwotę {0}, pozostała kwota {1} powinna znajdować się we wniosku jako składnik proporcjonalny"
"You hit the rate limit because of too many requests. Please try after sometime.","Osiągnięto limit szybkości z powodu zbyt wielu żądań. Spróbuj ponownie za jakiś czas."
"{0} is an invalid email address","{0} to nieprawidłowy adres e-mail"
"Grant Commission","Przyznaj prowizję"
"Set up your Warehouse","Skonfiguruj swój magazyn"
"View Warehouses","Przeglądaj magazyny"
"Let's create your first  warehouse ","Utwórz swój pierwszy magazyn"
"You can set the filters to narrow the results, then click on Generate New Report to see the updated report.","Możesz ustawić filtry, aby zawęzić wyniki, a następnie kliknąć Generuj nowy raport, aby zobaczyć zaktualizowany raport."
"Warehouses are arranged in ERPNext in a tree like structure"," where multiple sub-warehouses can be grouped under a single warehouse."
"In this step we will view the [**Warehouse Tree**](https://docs.erpnext.com/docs/user/manual/en/stock/warehouse#21-tree-view) to view the [**Warehouses**](https://docs.erpnext.com/docs/user/manual/en/stock/warehouse) that are set by default.""","# Przeglądaj magazyny
W tym kroku wyświetlimy [**Drzewo magazynów**](https://docs.erpnext.com/docs/user/manual/en/stock/warehouse#21-tree-view), aby zobaczyć [**Magazyny**](https://docs.erpnext.com/docs/user/manual/en/stock/warehouse) ustawione domyślnie."
"While your Books of Accounts are framed to fulfill statutory requirements"," you can set up Cost Center and Accounting Dimensions to address your companies reporting and budgeting requirements."
"When a Supplier is saved, system generates a unique identity or name for that Supplier which can be used to refer the Supplier in various Buying transactions.","Po zapisaniu dostawcy system generuje unikalny identyfikator lub nazwę, która służy do identyfikacji dostawcy w transakcjach zakupowych."
"Address & Contact","Adres i kontakt"
"Here, you can add multiple addresses of the company","Tutaj możesz dodać wiele adresów firmy"
"Default Warehouse","Domyślny magazyn"
"Warehouse Name","Nazwa magazynu"
"Select an account to set a default account for all transactions with this warehouse.","Wybierz konto, które będzie domyślnym kontem dla wszystkich transakcji z tym magazynem."
"Default Target Warehouse","Domyślny magazyn docelowy"
"Select a target warehouse where the stock will be received.","Wybierz magazyn docelowy, do którego zostanie przyjęty towar."
"You can create an Asset Category based on the type of assets. For example"," all your desktops and laptops can be part of an Asset Category named """"Electronic Equipments"""". Create a separate category for furniture. Also"
"Incoming Rate (Costing)","Stawka wejścia (wycena)"
"Reference Exchange Rate","Kurs wymiany odniesienia"
"Set Incoming Rate as Zero for Expired Batch","Ustaw stawkę wejścia jako zero dla wygasłej partii"
"Is Your Company Address","Jest adresem firmowym"
"Is Return","Jest zwrotem"
"From Prospect","Z prospekta"
"Allow User to Edit Rate","Zezwól użytkownikowi na edycję stawki"
"Get a preview of generated names with a series.","Uzyskaj podgląd wygenerowanych nazw z serii."
"Preview of generated names","Podgląd wygenerowanych nazw"
"Qty (Warehouse)","Ilość (Magazyn)"
"Set Valuation Rate Based on Source Warehouse","Ustaw Stawkę Wyceny na Podstawie Magazynu Źródłowego"
"Serial No and Batch for Finished Good","Numer Seryjny i Partia dla Wyrobu Gotowego"
"Mention if non-standard Receivable account","Podaj, jeśli konto należności jest niestandardowe"
"Portal Users","Użytkownicy Portalu"
" / Batch Bundle. ""","Jeśli włączone, nie aktualizuj wartości numeru seryjnego / partii w transakcjach magazynowych przy tworzeniu automatycznego pakietu numeru seryjnego _x000D_
Ex: Instead of AED -&gt; INR, system will do AED -&gt; USD -&gt; INR using the pegged exchange rate of AED against USD."
"Return Against","Zwrot względem"
"Territory","Terytorium"
"Shipping Address Name","Nazwa adresu dostawy"
"Company Address Name","Nazwa adresu firmy"
"Source Warehouse","Magazyn źródłowy"
"Total Billing Amount","Łączna kwota do rozliczenia"
"Loyalty Amount","Kwota lojalnościowa"
"Base Change Amount (Company Currency)","Kwota reszty (waluta firmy)"
"Change Amount","Reszta"
"Account for Change Amount","Konto dla reszty"
"Write Off Outstanding Amount","Umorzenie pozostałej kwoty"
"Campaign","Kampania"
"Commission","Prowizja"
"Commission Rate (%)","Stawka prowizji (%)"
"Total Commission","Łączna prowizja"
"Set Target Warehouse","Ustaw magazyn docelowy"
"Credit Note will update it's own outstanding amount, even if 'Return Against' is specified.","Nota kredytowa zaktualizuje własną kwotę do zapłaty, nawet jeśli ustawiono pole 'Return Against'."
"Direct return is not allowed for Timesheet.","Bezpośredni zwrot nie jest dozwolony dla karty czasu pracy."
"Row #{0}: Return Against is required for returning asset","Wiersz #{0}: pole Return Against jest wymagane przy zwrocie środka trwałego"
"Please ensure {} account {} is a Receivable account.","Upewnij się, że konto {} {} jest kontem należności."
"Change the account type to Receivable or select a different account.","Zmień typ konta na należności albo wybierz inne konto."
"Please enter Account for Change Amount","Wprowadź konto dla reszty"
"returned","zwrócony"
"Asset returned","Środek trwały zwrócony"
"Select change amount account","Wybierz konto dla reszty"
"Dunning","Monit"
"Supplier Addresses And Contacts","Adresy i kontakty dostawców"
"Emergency Contact","Kontakt awaryjny"
"Emergency Contact Name","Imię i nazwisko kontaktu awaryjnego"
"Contract End Date","Data zakończenia umowy"
"Address & Contacts","Adres i kontakty"
"Prefered Contact Email","Preferowany e-mail kontaktowy"
"Provide Email Address registered in company","Podaj adres e-mail zarejestrowany w firmie"
"Permanent Address Is","Adres stały jest"
"Permanent Address","Adres stały"
"Current Address Is","Adres obecny jest"
"Current Address","Adres obecny"
"Short biography for website and other publications.","Krótki biogram na stronę internetową i inne publikacje."
"Please enter Preferred Contact Email","Wprowadź preferowany e-mail kontaktowy"
"Amount","Kwota"
"Source Exchange Rate","Kurs wymiany źródłowy"
"Received Amount","Otrzymana kwota"
"Target Exchange Rate","Kurs wymiany docelowy"
"Received Amount (Company Currency)","Otrzymana kwota (waluta firmy)"
"Total Allocated Amount","Łączna przypisana kwota"
"Total Allocated Amount (Company Currency)","Łączna przypisana kwota (waluta firmy)"
"Difference Amount (Company Currency)","Kwota różnicy (waluta firmy)"
"Write Off Difference Amount","Odpisz kwotę różnicy"
"Subscription Section","Sekcja subskrypcji"
"Difference Amount must be zero","Kwota różnicy musi wynosić zero"
"Row #{0}: Allocated Amount cannot be greater than outstanding amount.","Wiersz #{0}: przypisana kwota nie może być większa niż kwota pozostała do zapłaty."
"Invalid Allocated Amount","Nieprawidłowa przypisana kwota"
"Received Amount cannot be greater than Paid Amount","Otrzymana kwota nie może być większa niż zapłacona kwota"
"Amount {0} {1} transferred from {2} to {3}","Kwota {0} {1} przeniesiona z {2} do {3}"
"Amount {0} {1} {2} {3}","Kwota {0} {1} {2} {3}"
"Amount {0} {1} against {2} {3}","Kwota {0} {1} względem {2} {3}"
"Amount {0} {1} deducted against {2}","Kwota {0} {1} odjęta względem {2}"
"Cannot select charge type as 'On Previous Row Amount' or 'On Previous Row Total' for first row","Nie można wybrać typu opłaty 'On Previous Row Amount' ani 'On Previous Row Total' dla pierwszego wiersza"
"Paid Amount cannot be greater than total negative outstanding amount {0}","Zapłacona kwota nie może być większa niż łączna ujemna kwota pozostała do zapłaty {0}"
"allocated_amount","przypisana_kwota"
"Interest and/or dunning fee","Odsetki i/lub opłata monitowa"
"Greater Than Amount","Kwota większa niż"
"Less Than Amount","Kwota mniejsza niż"
"Can refer row only if the charge type is 'On Previous Row Amount' or 'Previous Row Total'","Można wskazać wiersz tylko wtedy, gdy typ opłaty to 'On Previous Row Amount' lub 'Previous Row Total'"
"Allocated Amount","Przypisana kwota"
"Is Return (Debit Note)","Czy zwrot (nota debetowa)"
"Update Billed Amount in Purchase Receipt","Aktualizuj zafakturowaną kwotę w przyjęciu zakupu"
"Supplier Address","Adres dostawcy"
"Select Supplier Address","Wybierz adres dostawcy"
"Address","Adres"
"Contact Person","Osoba kontaktowa"
"Contact","Kontakt"
"Contact Email","E-mail kontaktowy"
"Select Shipping Address","Wybierz adres dostawy"
"Shipping Address","Adres dostawy"
"Exchange Rate","Kurs wymiany"
"Set Accepted Warehouse","Ustaw zaakceptowany magazyn"
"Rejected Warehouse","Magazyn odrzuconych"
"Is Subcontracted","Czy podwykonawstwo"
"Outstanding Amount","Kwota pozostająca do zapłaty"
"Paid Amount","Zapłacona kwota"
"Paid Amount (Company Currency)","Zapłacona kwota (waluta firmy)"
"Write Off Amount","Kwota odpisu"
"Write Off Amount (Company Currency)","Kwota odpisu (waluta firmy)"
"Subscription","Subskrypcja"
"Select Billing Address","Wybierz adres rozliczeniowy"
"Billing Address","Adres rozliczeniowy"
"Set From Warehouse","Ustaw z magazynu"
"Supplier Warehouse","Magazyn dostawcy"
"Is Old Subcontracting Flow","Czy stary przepływ podwykonawstwa"
"Debit Note will update it's own outstanding amount, even if 'Return Against' is specified.","Nota debetowa zaktualizuje własną kwotę do zapłaty, nawet jeśli ustawiono pole \Return Against\""."""
"Select Dispatch Address ","Wybierz adres wysyłki"
"Last Scanned Warehouse","Ostatni zeskanowany magazyn"
"Return","Zwrot"
"Paid amount + Write Off Amount can not be greater than Grand Total","Suma zapłaconej kwoty i kwoty odpisu nie może być większa niż suma końcowa"
"Row {0}: Expense Head changed to {1} because account {2} is not linked to warehouse {3} or it is not the default inventory account","Wiersz {0}: zmieniono konto kosztów na {1}, ponieważ konto {2} nie jest powiązane z magazynem {3} albo nie jest domyślnym kontem zapasów"
"Please set account in Warehouse {0}","Ustaw konto w magazynie {0}"
"Return / Debit Note","Zwrot / nota debetowa"
"Set the name of your brand. Appears in the left sidebar.","Ustaw nazwę swojej marki. Pojawia się na lewym pasku bocznym."
"Configure your Brand Name, Logo, and Favicon","Skonfiguruj nazwę marki, logo i faviconę"
"You can invite multiple users by comma separating their email addresses","Możesz zaprosić wielu użytkowników, oddzielając ich adresy e-mail przecinkami"
"Default Work In Progress Warehouse","Domyślny magazyn produkcji w toku"
"Default Finished Goods Warehouse","Domyślny magazyn wyrobów gotowych"
"A friendly reminder of an important date for our team.","Przypominamy o ważnej dacie dla naszego zespołu."
"Add a Note","Dodaj notatkę"
"Allow Continuous Material Consumption","Zezwalaj na ciągłe zużycie materiału"
"Allow Purchase","Zezwalaj na zakup"
"Allow transferring raw materials even after the Required Quantity is fulfilled","Zezwalaj na transfer nadmiaru materiału"
"Annual Revenue","Roczny przychód"
"Any other remarks, noteworthy effort that should go in the records","Wszelkie inne uwagi, godne uwagi wysiłki, które powinny znaleźć się w dokumentacji"
"Arrangement Notes","Uwagi do terminu dostawy"
"Automate Invoicing for Web Forms","Automatyzacja fakturowania dla formularzy internetowych"
"Available Stock Qty","Dostępna ilość zapasów"
"Available Stock Value","Wartość dostępnych zapasów"
"BOM Stock Report","Raport o zapasach BOM"
"Check Stock Ledger","Sprawdź księgę zapasów"
"Choose the email service provider you want to configure.","Wybierz dostawcę usług e-mail, którego chcesz skonfigurować."
"Control Historical Stock Transactions","Kontrola historycznych transakcji na akcjach"
"Create Note","Utwórz notatkę"
"Create Stock Entry","Utwórz zapis magazynowy"
"CRM currency for all monetary values. Once set, cannot be edited.","Waluta CRM dla wszystkich wartości pieniężnych. Po ustawieniu nie można jej edytować."
"Default Material Request Type","Domyślny typ żądania materiału"
"Delete Accounting and Stock Ledger Entries on deletion of Transaction","Usuwanie wpisów księgi rachunkowej i księgi magazynowej po usunięciu transakcji"
"Download Materials Request Plan Section","Pobierz sekcję planu zapotrzebowania na materiały"
"Enable it if users want to consider rejected materials to dispatch.","Włącz tę opcję, jeśli użytkownicy chcą uwzględniać odrzucone materiały do wysyłki."
"Enable Stock Reservation","Włącz rezerwację zapasów"
"Export the data without any header notes and column descriptions","Eksport danych bez notatek nagłówka i opisów kolumn"
"Feedback Reminder Notification Template","Szablon powiadomienia o przypomnieniu o opinii"
"Forecasted revenue","Przewidywane przychody"
"Geographic distribution of deals and revenue","Geograficzny rozkład transakcji i przychodu"
"Get Supplier Group Details","Szczegóły grupy dostawców"
"Gross Pay (Company Currency)","Wynagrodzenie brutto (waluta firmowa)"
"Gross Value","Wartość brutto"
"Gross Value (PLN)","Wartość brutto (PLN)"
"Gross Year To Date","Brutto od początku roku"
"Hide timesheets","Ukryj karty czasu pracy"
"How often should Project be updated of Total Purchase Cost ?","Jak często należy aktualizować całkowity koszt zakupu w projekcie?"
"In this section you can setup various reminder for employees related to the timesheets.","W tej sekcji można skonfigurować różne przypomnienia dla pracowników związane z kartami ewidencji czasu pracy."
"Interview Feedback Reminder","Przypomnienie o informacji zwrotnej dotyczącej wywiadu"
"Is IRS 1099 reporting required for supplier?","Czy raportowanie IRS 1099 jest wymagane dla dostawcy?"
"Light Stock","Lekki magazyn"
"Lost Notes","Notatki po przegranej"
"Lost notes","Notatki na temat utraty"
"Make notes for quick revision. Press / for menu.","Rób notatki do szybkiej powtórki. Naciśnij /, aby wywołać menu."
"Manage Suppliers","Zarządzaj dostawcami"
"Mapping Material Request ...","Żądanie materiałów do mapowania ..."
"Margin","Marża"
"Margin Right","Prawy margines"
"Multiple webforms can be created for a single doctype. Add filters specific to this webform to display correct record after submission.","Dla jednego typu dokumentu można utworzyć wiele formularzy internetowych. Dodaj filtry specyficzne dla tego formularza internetowego, aby wyświetlić prawidłowy rekord po przesłaniu."
"My Notes","Moje notatki"
"Net Value","Wartość netto"
"Net Value (PLN)","Wartość netto (PLN)"
"Network Printer Settings","Ustawienia drukarki sieciowej"
"New Note","Nowa notatka"
"No Notes","Brak notatek"
"No stock transactions can be created or modified before this date.","Przed tą datą nie można tworzyć ani modyfikować żadnych transakcji magazynowych."
"Note: Etc timezones have their signs reversed.","Uwaga: W innych strefach czasowych znaki są odwrócone."
"Notes","Notatki"
"Packaging","Opakowanie"
"Projected vs actual revenue based on deal probability","Prognozowane vs rzeczywiste przychody na podstawie prawdopodobieństwa transakcji"
"Publish as a web page","Opublikuj jako stronę internetową"
"Purchase Receipt","Przyjęcie Zamówienia"
"Release Notes","Informacje o wersji"
"Reminder set at {0}","Przypomnienie ustawione na {0}"
"Reminder Settings","Ustawienia przypomnień"
"Reminders","Przypomnienia"
"Reserve Stock","Zapas rezerwowy"
"Revenue ($)","Przychód ($)"
"Role allowed to bypass Credit Limit","Rola uprawniona do ominięcia limitu kredytowego"
"Route to the custom Job Application Webform","Trasa do niestandardowego formularza internetowego aplikacji Job Application"
"Send Daily Reminder","Wyślij codzienne przypomnienie"
"Send email notification to employee when their timesheet/s are approved.","Wyślij powiadomienie e-mail do pracownika, gdy jego karta/y czasu pracy zostaną zatwierdzone."
"Send email notification to employee when their timesheet/s are rejected and requested to update.","Wyślij powiadomienie e-mail do pracownika, gdy jego karta/y czasu pracy zostaną odrzucone i poproszone o aktualizację."
"Send Interview Feedback Reminder","Wyślij przypomnienie o rozmowie kwalifikacyjnej"
"Send Interview Reminder","Wyślij przypomnienie o rozmowie kwalifikacyjnej"
"Send Missing Allocation Reminder","Wyślij przypomnienie o brakującym przydziale"
"Send Reminder On Approval Request","Wyślij przypomnienie przy żądaniu zatwierdzenia"
"Send reminder to all the Projects Manager to approve/reject time entries.","Wyślij przypomnienie do wszystkich kierowników projektów o zatwierdzeniu/odrzuceniu wpisów czasu."
"Send reminder when timesheet submitted for Approval.","Wyślij przypomnienie, gdy karta czasu pracy zostanie przesłana do zatwierdzenia."
"Send Web View Link","Wyślij łącze do widoku internetowego"
"Send Weekly Approval Reminder","Wyślij cotygodniowe przypomnienie o zatwierdzeniu"
"Service Expenses","Wydatki na usługi"
"Service Provider","Dostawca usług"
"Set Project Status","Ustawianie statusu projektu"
"Set the frequency for holiday reminders","Ustaw częstotliwość przypomnień o świętach"
"Show Credit / Debit in Company Currency","Pokaż Winien / Ma w walucie firmy"
"Show Net Values in Party Account","Pokaż wartości netto na koncie kontrahenta"
"Stock Ageing Report","Raport o starzeniu się zapasów"
"Stock and Manufacturing","Zapasy i produkcja"
"Stock Balance","Bilans magazynowy"
"Stock Closing","Zamknięcie zapasów"
"Stock Ledger","Księga magazynowa"
"Stock Planning","Planowanie zapasów"
"Stock Projected Qty","Prognozowana ilość magazynowa"
"Stock Reconciliation Report","Raport uzgodnienia stanów magazynowych"
"Stock transactions that are older than the mentioned days cannot be modified.","Transakcje giełdowe starsze niż wymienione dni nie mogą być modyfikowane."
"Supplier Scorecard variable","Zmienną Scorecard dostawcy"
"This field will be used to filter the employee based on department to whom the Daily/Weekly reminder will be sent.","To pole będzie używane do filtrowania pracowników według działu, do którego zostanie wysłane codzienne/tygodniowe przypomnienie."
"Timesheet Approval Template","Szablon zatwierdzenia karty czasu pracy"
"Timesheet entry missed for previous day or recorded less hours then usual.","Wpis w karcie czasu pracy pominięty za poprzedni dzień lub zarejestrowano mniej godzin niż zwykle."
"Timesheet Rejection Template","Szablon odrzucenia karty czasu pracy"
"Timesheet Settings","Ustawienia karty czasu pracy"
"Timesheet settings, resource allocations and more.","Ustawienia kart czasu pracy, przydzielanie zasobów i nie tylko."
"Total Net Pay","Łączne wynagrodzenie netto"
"Total Qty Purchased","Łączna ilość zakupiona"
"Total Stock Qty","Całkowita ilość zapasów"
"Total Stock Summary","Całkowite podsumowanie stanów magazynowych"
"TOTAL STOCK VALUE","ŁĄCZNA WARTOŚĆ ZAPASÓW"
"Transfer Material Against","Przeniesienie materiału dla"
"Update frequency of Project","Częstotliwość aktualizacji projektu"
"Update Projects Settings","Aktualizacja ustawień projektów"
"Validate Stock on Save","Sprawdź stan zapasów przy zapisywaniu"
"Weekly Approval Reminder Template","Szablon cotygodniowego przypomnienia o zatwierdzeniu"
"{0} Web page views","{0} wyświetleń strony internetowej"
"Review Stock Settings","Przejrzyj ustawienia magazynu"
"Manage Stock Movements","Zarządzaj ruchami magazynowymi"
"Update Stock Opening Balance","Zaktualizuj bilans otwarcia magazynu"
"Take a walk through Stock Settings","Przejrzyj ustawienia magazynu"
"Stock Movement","Ruch magazynowy"
"Let's Set Up the Stock Module.","Konfiguracja modułu Magazyn."
"The Stock Module is all set up!","Moduł Magazyn jest gotowy do pracy!"
"Create a Supplier","Utwórz dostawcę"
"Introduction to Stock Entry","Wprowadzenie do dokumentów magazynowych"
"Check Stock Projected Qty","Sprawdź prognozowane ilości"
"Create a Material Transfer Entry","Utwórz dokument przesunięcia materiałów"
"Let's create a stock opening entry","Utwórz wpis bilansu otwarcia magazynu"
"Stock Ledger report contains every submitted stock transaction. You can use filter to narrow down ledger entries.","Raport księgi zapasów zawiera każdą zatwierdzoną transakcję magazynową. Możesz użyć filtrów, aby zawęzić wpisy."
"# Check Stock Reports
Based on the various stock transactions, you can get a host of one-click Stock Reports in ERPNext like Stock Ledger, Stock Balance, Projected Quantity, and Ageing analysis.","# Raporty magazynowe
# Manage Stock Movements"
"Let's get a quick walk-through on the various scenarios covered in Stock Entry by watching [*this video*](https://www.youtube.com/watch?v=Njt107hlY3I).""","# Zarządzaj ruchami magazynowymi
# Create a Supplier"
"In this step we will create a **Supplier**. If you have already created a **Supplier** you can skip this step.""","# Utwórz dostawcę
# Introduction to Stock Entry"
"This video will give a quick introduction to [**Stock Entry**](https://docs.erpnext.com/docs/user/manual/en/stock/stock-entry).""","# Wprowadzenie do dokumentów magazynowych
Ten film stanowi szybkie wprowadzenie do [**Dokumentu magazynowego**](https://docs.erpnext.com/docs/user/manual/en/stock/stock-entry)."
"# Update Stock Opening Balance
Once opening stocks are updated, you can create transactions like manufacturing and stock deliveries, where this opening stock will be consumed.","# Zaktualizuj bilans otwarcia magazynu
# Review Stock Settings"
"Track Material Request","Śledź zapotrzebowanie materiałowe"
"Let's create your first Material Request","Utwórz pierwsze zapotrzebowanie materiałowe"
"## Who is a Supplier?
Suppliers are companies or individuals who provide you with products or services. ERPNext has comprehensive features for purchase cycles. 
Let's quickly create a supplier with the minimal details required. You need the name of the supplier, assign the supplier to a group, and select the type of the supplier, viz. Company or Individual.","## Kim jest dostawca?
Let’s create your first Material Request,Utwórz pierwsze zapotrzebowanie materiałowe,
Supplier Naming By,Nazewnictwo dostawcy,
Default Supplier Group,Domyślna grupa dostawców,
Configure what should be the default value of Supplier Group when creating a new Supplier.,Skonfiguruj domyślną wartość grupy dostawców podczas tworzenia nowego dostawcy.,
Purchase Receipt Required,Wymagane potwierdzenie zakupu,
Select a Supplier,Wybierz dostawcę,
Enter the required quantity for the material.,Wpisz wymaganą ilość materiału.,
Credit Controller,Kontroler kredytowy,
Select Supplier,Wybierz dostawcę,
This setting is recommended if you wish to track the real-time stock balance in your books of account. This will allow the creation of a General Ledger entry for every stock transaction.,To ustawienie jest zalecane"
"Stock Entry Type","Typ dokumentu magazynowego"
"Purchase an Asset","Zakup środka trwałego"
"Let's create a Purchase Receipt","Utwórz dokument PZ"
"# Purchase an Asset
Assets purchases process if done following the standard Purchase cycle. If capital work in progress is enabled in Asset Category, Asset will be created as soon as Purchase Receipt is created for it. You can quickly create a Purchase Receipt for Asset and see its impact on books of accounts.","# Zakup środka trwałego
Credit Days,Dni kredytowe,
Unrealized Profit / Loss Account,Konto niezrealizowanych zysków/strat,
Contribution to Net Total,Udział w kwocie netto,
Net Pay Info,Informacje o zarobkach netto,
Applying Margin,Stosowanie marży,
Sub Assemblies & Raw Materials,Podzespoły i Materiały Surowcowe,
Preview Required Materials,Podgląd Wymaganych Materiałów,
					of the field 'Transfer Extra Raw Materials to WIP'_x000D_
					pola 'Transfer Extra Raw Materials to WIP'_x000D_
Loyalty Points Redemption"""
"Loyalty Points","Punkty lojalnościowe"
"Redeem Loyalty Points","Wykorzystaj punkty lojalnościowe"
"Loyalty Program","Program lojalnościowy"
"Debit To","Konto należności"
"Unrealized Profit / Loss account for intra-company transfers","Konto niezrealizowanego zysku/straty dla transferów wewnątrzfirmowych"
"Credit Note Issued","Wystawiono notę kredytową"
"'Update Stock' cannot be checked for fixed asset sale","Nie można zaznaczyć 'Update Stock' dla sprzedaży środka trwałego"
"Debit To is required","Wymagane jest konto należności"
"No Supplier found for Inter Company Transactions which represents company {0}","Nie znaleziono dostawcy dla transakcji międzyfirmowych, który reprezentuje firmę {0}"
"Timesheet","Karta czasu pracy"
"Create supplier","Utwórz dostawcę"
"Fetch Suppliers from",""
"Purchase Analytics","Analityka zakupów"
"Purchase Receipt Trends","Trendy przyjęć zakupu"
"Completed Projects","Ukończone projekty"
"Daily Timesheet Summary","Dzienne zestawienie kart czasu pracy"
"Supplier Group","Grupa dostawców"
"Supplier Scorecard Criteria","Kryteria oceny dostawcy"
"Supplier Scorecard Standing","Pozycja w ocenie dostawcy"
"Supplier Scorecard Variable","Zmienna oceny dostawcy"
"Learn Project Management","Nauka zarządzania projektami"
"Open Projects","Otwarte projekty"
"Project Billing Summary","Podsumowanie rozliczeń projektu"
"Project Template","Szablon projektu"
"Project Type","Typ projektu"
"Project Update","Aktualizacja projektu"
"Projects","Projekty"
"Projects Settings","Ustawienia projektów"
"Project wise Stock Tracking","Śledzenie stanu magazynowego według projektu"
"Fetch Timesheet","Pobierz kartę czasu pracy"
"Get Timesheets","Pobierz karty czasu pracy"
"Select Loyalty Program","Wybierz program lojalnościowy"
"Set Loyalty Program","Ustaw program lojalnościowy"
"Offer Date","Data oferty"
"User {0}: Removed Employee Self Service role as there is no mapped employee.","Użytkownik {0}: usunięto rolę Employee Self Service, ponieważ nie ma przypisanego pracownika."
"Supplier","Dostawca"
"Supplier Name","Nazwa dostawcy"
"Update Stock","Aktualizuj stan magazynowy"
"Raw Materials Supplied","Dostarczone surowce"
"Net Total (Company Currency)","Wartość netto (waluta firmy)"
"Net Total","Wartość netto"
"Total Net Weight","Łączna waga netto"
"Is Internal Supplier","Czy dostawca wewnętrzny"
"Credit To","Konto zobowiązań"
"Project","Projekt"
"Unrealized Profit/Loss account for intra-company transfers","Konto niezrealizowanego zysku/straty dla transferów wewnątrzfirmowych"
"Company which internal supplier represents","Firma, którą reprezentuje dostawca wewnętrzny"
"Debit Note Issued","Wystawiono notę debetową"
"Overdue","Po terminie"
"Row {0}: Expense Head changed to {1} because expense is booked against this account in Purchase Receipt {2}","Wiersz {0}: zmieniono konto kosztów na {1}, ponieważ koszt został zaksięgowany na to konto w przyjęciu zakupu {2}"
"Mandatory Purchase Receipt","Przyjęcie zakupu jest obowiązkowe"
"Purchase Receipt {0} is not submitted","Przyjęcie zakupu {0} nie zostało zatwierdzone"
"Stock Update Not Allowed","Aktualizacja stanu magazynowego niedozwolona"
"Accounting Entry for Stock","Zapis księgowy dla zapasów"
"Stock Adjustment","Korekta zapasów"
"Creating Purchase Receipt ...","Tworzenie przyjęcia zakupu ..."
"Manage your service level agreement policies","Zarządzaj zasadami umów o poziomie świadczenia usług"
"Raw Materials Consumption","Zużycie surowców"
"Allow Excess Material Transfer","Zezwalaj na transfer nadmiaru materiału"
"""\n  Click here to learn about token-based authentication\n","""<a href=""https://docs.frappe.io/framework/user/en/api/rest#1-token-based-authentication\"" target=""_blank"">\n Kliknij tutaj, aby dowiedzieć się więcej o uwierzytelnianiu opartym na tokenach\n</a>."
"''From Date'' can not be greater than or equal to 'To Date''","''Od daty'' nie może być większe lub równe ''Do daty''."
"Account Deletion Settings","Ustawienia usuwania konta"
"Account ID","Identyfikator konta"
"Account type cannot be set for payroll payable account {0}, please remove and try again","Nie można ustawić typu konta dla konta do zapłaty listy płac {0}, usuń i spróbuj ponownie"
"Accounts Closing","Zamknięcie kont"
"Accounts Payable Ageing","Przedawnienie zobowiązań"
"Accounts Settings","Ustawienia księgowości"
"Add Account","Dodaj konto"
"Additional Salary for referral bonus can only be created against Employee Referral with status {0}","Dodatkowe wynagrodzenie z tytułu premii za polecenie można utworzyć tylko dla pracownika poleconego ze statusem {0}."
"All fields are necessary to submit the comment.","Wszystkie pola są niezbędne do przesłania komentarza."
"Allow Backdated Entries","Zezwól na wpisy z datą wsteczną"
"Allow Backdated Entries Till (Employee)","Zezwól na wprowadzanie wpisów z datą wsteczną do (pracownik)"
"Allow Multiple Shift Assignments for Same Date","Zezwalaj na wielokrotne przypisywanie zmian do tej samej daty"
"Are you sure you want to cancel this evaluation? This action cannot be undone.","Czy na pewno chcesz anulować tę ocenę? Tego działania nie można cofnąć."
"Are you sure you want to create Potencjalny klient from this email?","Czy na pewno chcesz utworzyć Potencjalnego klienta z tego e-maila?"
"As per your request, your account and data on {0} associated with email {1} has been permanently deleted","Zgodnie z twoją prośbą, twoje konto i dane na {0} powiązane z e-mailem {1} zostały trwale usunięte"
"Assignment created successfully","Przypisanie utworzone pomyślnie"
"Attendance date {0} can not be less than employee {1}'s joining date: {2}","Data obecności {0} nie może być krótsza niż data dołączenia pracownika {1}: {2}"
"Attendance not submitted for {0} as {1} is on leave.","Nie zgłoszono obecności dla {0}, ponieważ {1} jest na urlopie."
"Attendance Updated","Zaktualizowano frekwencję"
"Auto Account Deletion within (Hours)","Automatyczne usunięcie konta w ciągu (godzin)"
"Available Qty at Company","Ilość dostępna w firmie"
"Backdated Entries","Wpisy z datą wsteczną"
"Backdated Leave Application is restricted. Please set the {} in {}","Wniosek o urlop z datą wsteczną jest ograniczony. Ustaw {} w {}."
"Auto Update Expected Deal Value","Automatyczna aktualizacja oczekiwanej wartości transakcji"
"Auto Update of Expected Deal Value disabled","Automatyczna aktualizacja oczekiwanej wartości transakcji wyłączona"
"Auto Update of Expected Deal Value enabled","Automatyczna aktualizacja oczekiwanej wartości transakcji włączona"
"Automatically update ""Expected Deal Value"" based on the total value of associated products in a deal","Automatycznie aktualizuj „Oczekiwaną wartość transakcji” na podstawie łącznej wartości powiązanych produktów w transakcji"
"Change your account password for security.","Zmień hasło konta, aby zwiększyć bezpieczeństwo."
"Failed to update Email Account, Invalid credentials","Nie udało się zaktualizować konta e-mail. Nieprawidłowe dane uwierzytelniające"
"Manage your account emails and email signature for communication.","Zarządzaj adresami e-mail konta i podpisem e-mail używanym do komunikacji."
"Update Account","Aktualizuj konto"
"Update timestamp on new communication","Aktualizuj znacznik czasu przy nowej komunikacji"
"Before Validate","Przed zatwierdzeniem"
"Begin Date","Data rozpoczęcia"
"Calculate daily depreciation using total days in depreciation period","Oblicz amortyzację dzienną używając całkowitej liczby dni w okresie amortyzacji"
"Can Submit","Można przesłać"
"Cancel All","Anuluj wszystko"
"Cancel Scheduling","Anuluj planowanie"
"Cancel this evaluation?","Anulować tę ocenę?"
"canceled","anulowane"
"Cancelled","Anulowane"
"Cannot create a Job Applicant against a closed Job Opening","Nie można utworzyć kandydata do pracy w związku z zamkniętym otwarciem oferty pracy."
"Cannot Update After Submit","Nie można zaktualizować po przesłaniu"
"Cannot update private workspace of other users","Nie można zaktualizować prywatnej przestrzeni roboczej innych użytkowników"
"Chart Of Accounts","Plan kont"
"Child nodes can only be created under 'Group' type nodes","Węzły podrzędne mogą być tworzone tylko w ramach węzłów typu """"Grupa""""."
"Click here to learn about token-based authentication","Kliknij tutaj, aby dowiedzieć się więcej o uwierzytelnianiu opartym na tokenach"
"Closed Date","Data zamknięcia"
"Company Details","Szczegóły firmy"
"Company in ERPNext Site","Firma w witrynie ERPNext"
"Cost to Company (CTC)","Koszt dla firmy (CTC)"
"Costing and Billing fields has been updated","Zaktualizowano pola kalkulacji kosztów i rozliczeń"
"Create a Course","Utwórz kurs"
"Create Additional Salary","Utwórz dodatkowe wynagrodzenie"
"Create Appraisals","Tworzenie ocen"
"Create Call Log","Utwórz dziennik połączeń"
"Create Course","Utwórz kurs"
"Create Custom Fields","Twórz niestandardowe pola"
"Create Interview","Tworzenie wywiadu"
"Create Job Opening","Tworzenie ofert pracy"
"Create Leave Application","Tworzenie wniosku o urlop"
"Create Leave Type","Utwórz typ urlopu"
"Create Resource Allocation","Utwórz alokację zasobów"
"Create Task","Utwórz zadanie"
"Create View","Utwórz widok"
"Create your first {0}","Utwórz swój pierwszy {0}"
"created","Utworzył(a)"
"Date of Donation","Data darowizny"
"DateTime","DataCzas"
"Deferred Accounting","Rachunkowość odroczona"
"Disable Rounded Total","Wyłączone Zaokrąglone Razem"
"Do not create new user if user with email does not exist in the system","Nie twórz nowego użytkownika, jeśli użytkownik z adresem e-mail nie istnieje w systemie."
"Document has been cancelled","Dokument został anulowany"
"Document has been submitted","Dokument został przesłany"
"Document updated successfully","Dokument został pomyślnie zaktualizowany"
"Don't have an account?","Nie masz konta?"
"Due date:","Termin płatności:"
"Duplicate of {0} named as {1} is created successfully","Duplikat {0} o nazwie {1} został pomyślnie utworzony"
"Each GL entry will be deferred based on no. of days set in the deferral account","Każdy zapis GL będzie odraczany na podstawie liczby dni ustawionej na koncie odroczonym"
"Email Accounts","Konta e-mail"
"Email accounts","Konta e-mail"
"Employee Promotion cannot be submitted before Promotion Date","Awans pracownika nie może zostać zgłoszony przed datą awansu"
"Employee records are created using the selected option","Rekordy pracowników są tworzone przy użyciu wybranej opcji"
"Employee Transfer cannot be submitted before Transfer Date","Przeniesienie pracownika nie może zostać złożone przed datą przeniesienia"
"Enable Common Party Accounting","Włączenie rozliczania stron wspólnych"
"Enable this option to calculate daily depreciation by considering the total number of days in the entire depreciation period, (including leap years) while using daily pro-rata based depreciation","Włącz tę opcję, aby obliczać amortyzację dzienną uwzględniając całkowitą liczbę dni w całym okresie amortyzacji (w tym lata przestępne) przy stosowaniu dziennej amortyzacji proporcjonalnej"
"Event Update Log Consumer","Odbiorca dziennika aktualizacji zdarzeń"
"Expected Closure Date","Przewidywana data zamknięcia"
"Feedback already submitted for the Interview {0}. Please cancel the previous Interview Feedback {1} to continue.","Przesłano już opinie dotyczące wywiadu {0}. Aby kontynuować, anuluj poprzednią opinię {1}."
"Grievance Against Party","Skarga przeciwko stronie"
"If set, the job opening will be closed automatically after this date","Jeśli jest ustawiona, oferta pracy zostanie automatycznie zamknięta po tej dacie."
"Ignore Account Closing Balance","Ignoruj saldo zamknięcia kont"
"In Words (Company Currency)","W słowach (waluta firmy)"
"Interview Feedback {0} submitted successfully","Pomyślne przesłanie opinii o wywiadzie {0}"
"Issue Date","Data wystawienia"
"KRA updated for all child goals.","Zaktualizowano KRA dla wszystkich celów dzieci."
"Learn about Common Party","Dowiedz się więcej o Stronie Wspólnej"
"Let's set up your account","Skonfigurujmy twoje konto"
"Looks like you haven’t added any third party apps.","Wygląda na to, że nie dodano żadnych aplikacji innych firm."
"Makes ""Expected Closure Date"" and ""Expected Deal Value"" mandatory for deal value forecasting","Ustawia „Oczekiwaną datę zamknięcia” i „Oczekiwaną wartość transakcji” jako obowiązkowe dla prognozowania wartości transakcji"
"Manage your email accounts to send and receive emails directly from CRM. You can add multiple accounts and set one as default for incoming and outgoing emails.","Zarządzaj swoimi kontami e-mail, aby wysyłać i odbierać wiadomości bezpośrednio z CRM. Możesz dodać wiele kont i ustawić jedno jako domyślne dla wiadomości przychodzących i wychodzących."
"New organization will be created based on the data in details section","Nowa organizacja zostanie utworzona na podstawie danych w sekcji szczegółów"
"Not allowed to create custom Virtual DocType.","Niedozwolone jest tworzenie niestandardowego typu Virtual DocType."
"On Previous Row Total","Łącznie w poprzednim wierszu"
"Only Employee Grievance with status {0} or {1} can be submitted","Można złożyć tylko skargę pracownika o statusie {0} lub {1}."
"Only Interviews with Cleared or Rejected status can be submitted.","Można przesyłać tylko rozmowy kwalifikacyjne ze statusem Cleared lub Rejected."
"Optional Leaves are holidays that Employees can choose to avail from a list of holidays published by the company.","Urlopy fakultatywne to dni wolne od pracy, które pracownicy mogą wybrać z listy dni wolnych opublikowanej przez firmę."
"Over Transfer Allowance","Dodatek za przekroczenie limitu transferu"
"Parent Document Type is required to create a number card","Typ dokumentu nadrzędnego jest wymagany do utworzenia karty numerycznej"
"Party Account {0} currency ({1}) and document currency ({2}) should be same","Waluta konta strony {0} ({1}) i waluta dokumentu ({2}) muszą być takie same"
"Pickup Date","Data odbioru"
"Planned Date","Planowana data"
"Please delete the Employee {0} to cancel this document","Usuń pracownika {0}, aby anulować ten dokument"
"Please ensure that the {0} account is a Balance Sheet account. You can change the parent account to a Balance Sheet account or select a different account.","Proszę upewnić się, że konto {0} jest kontem bilansowym. Możesz zmienić konto nadrzędne na konto bilansowe lub wybrać inne konto."
"Please ensure that the {0} account {1} is a Payable account. You can change the account type to Payable or select a different account.","Proszę upewnić się, że konto {0} {1} jest kontem zobowiązań. Możesz zmienić typ konta na Zobowiązania lub wybrać inne konto."
"Please select a company first.","Najpierw wybierz firmę."
"Please select employees to create appraisals for","Wybierz pracowników, dla których chcesz utworzyć oceny"
"Please set """"Default Payroll Payable Account"""" in Company Defaults","Ustaw """"Domyślne konto do wypłaty wynagrodzeń"""" w Domyślnych ustawieniach firmy."
"Please set account in Salary Component {0}","Ustaw konto w komponencie wynagrodzenia {0}."
"Please set Relieving Date for employee: {0}","Ustaw datę zwolnienia pracownika: {0}"
"Please update {} before continuing.","Zaktualizuj {} przed kontynuowaniem."
"Process Payroll Accounting Entry based on Employee","Przetwarzanie wpisów księgowych listy płac w oparciu o pracownika"
"Relieving Date Missing","Brakująca data zwolnienia"
"Reset the password for your account","Resetowanie hasła do konta"
"Restrict Backdated Leave Application","Ograniczenie wniosku o urlop z datą wsteczną"
"Role Allowed to Create/Edit Back-dated Transactions","Rola uprawniona do tworzenia/edycji transakcji z datą wsteczną"
"cancelled","anulowane"
"Job is in {0} state and can't be cancelled","Zadanie ma status {0} i nie może zostać anulowane"
"Salary Structure must be submitted before submission of {0}","Struktura wynagrodzeń musi zostać przedłożona przed złożeniem {0}."
"Select the date from which this Leave Allocation will be valid.","Wybierz datę, od której ten przydział urlopu będzie ważny."
"Selected document must be in submitted state","Wybrany dokument musi być w starusie zatwierdzono"
"Series counter for {} updated to {} successfully","Licznik serii dla {} został pomyślnie zaktualizowany do {}"
"Set Relieving Date for Employee: {0}","Ustaw datę zwolnienia pracownika: {0}"
"Show Balances in Chart Of Accounts","Pokaż salda w planie kont"
"Submit button label","Etykieta przycisku przesyłania"
"Submit Feedback","Prześlij opinię"
"Submit Now","Prześlij teraz"
"Submitted","Zatwierdzone"
"System Updates","Aktualizacje systemu"
"The system is being updated. Please refresh again after a few moments.","System jest w trakcie aktualizacji. Odśwież ponownie po kilku chwilach."
"The total column width cannot be more than 10.","Całkowita szerokość kolumny nie może być większa niż 10."
"There are no courses currently. Create your first course to get started!","Obecnie nie ma żadnych kursów. Stwórz swój pierwszy kurs, aby rozpocząć!"
"This company will be set for the Memberships created via webhook.","Ta firma zostanie ustawiona dla członkostw utworzonych za pośrednictwem webhook."
"This will allow employees to make back-dated time entries.","Umożliwi to pracownikom wprowadzanie wpisów dotyczących czasu pracy z datą wsteczną."
"This will prevent employees from making backdated entries earlier than a specified number of days. For example, if the value is set to 1, entries before Today - 1 day will be restricted.","Zapobiegnie to wprowadzaniu przez pracowników wpisów z datą wcześniejszą niż określona liczba dni. Na przykład, jeśli wartość zostanie ustawiona na 1, wpisy sprzed dnia dzisiejszego - 1 dzień będą ograniczone."
"To allow more reports update limit in System Settings.","Aby zezwolić na więcej limitów aktualizacji raportów w Ustawieniach systemu."
"To begin the date range at the start of the chosen period. For example, if 'Year' is selected as the period, the report will start from January 1st of the current year.","Aby rozpocząć zakres dat od początku wybranego okresu. Na przykład, jeśli jako okres wybrano „Rok”, raport rozpocznie się 1 stycznia bieżącego roku."
"To Date Field","Pole Do daty"
"To manage your authorized third party apps","Aby zarządzać autoryzowanymi aplikacjami innych firm"
"Today {0} at our Company! 🎉","Dzisiaj {0} w naszej firmie! 🎉"
"Total","Razem"
"Total allocated leaves {0} cannot be less than already approved leaves {1} for the period","Całkowita liczba przydzielonych urlopów {0} nie może być mniejsza niż liczba już zatwierdzonych urlopów {1} na dany okres."
"Total Background Workers","Całkowita liczba pracowników w tle"
"Total Billed Hours","Wszystkie zafakturowane godziny"
"Total Billing Hours","Łączna liczba godzin rozliczeniowych"
"Total Deduction (Company Currency)","Całkowite odliczenie (waluta firmy)"
"Total Errors (last 1 day)","Całkowita liczba błędów (ostatni 1 dzień)"
"Total Errors (last 7 days)","Całkowita liczba błędów (ostatnie 7 dni)"
"Total Hours (T)","Łączna liczba godzin (T)"
"Total Incoming Bills","Przychodzące rachunki ogółem"
"Total Incoming Emails","Całkowita liczba przychodzących e-maili"
"Total Incoming Value (Receipt)","Całkowita wartość przychodząca (wpływ)"
"Total Interest","Odsetki ogółem"
"Total Non-Billed Hours","Łączna liczba godzin niefakturowanych"
"Total Outgoing Bills","Suma rachunków wychodzących"
"Total Outgoing Emails","Całkowita liczba wychodzących e-maili"
"Total Outgoing Value (Consumption)","Całkowita wartość wychodząca (zużycie)"
"Total Outstanding","Łączna kwota pozostała do spłaty"
"Total Qty Sold","Łączna ilość sprzedana"
"Total salary booked against this component for this employee from the beginning of the year (payroll period or fiscal year) up to the current salary slip's end date.","Całkowite wynagrodzenie zaksięgowane w tym składniku dla tego pracownika od początku roku (okresu rozliczeniowego lub roku podatkowego) do daty końcowej bieżącego odcinka wynagrodzenia."
"Total Self Score","Całkowity wynik własny"
"Total Users","Całkowita liczba użytkowników"
"Total Value Difference (Incoming - Outgoing)","Całkowita różnica wartości (przychodzące - wychodzące)"
"Total weightage for all {0} must add up to 100. Currently, it is {1}%","Łączna waga dla wszystkich {0} musi sumować się do 100. Obecnie jest to {1}%"
"Total working Days Per Year","Łączna liczba dni roboczych w roku"
"Trial Balance for Party","Bilans próbny dla strony"
"Unable to send mail because of a missing email account. Please setup default Email Account from Setup > Email > Email Account","Nie można wysłać poczty z powodu braku konta e-mail. Skonfiguruj domyślne konto e-mail w menu Konfiguracja > E-mail > Konto e-mail."
"Update Costing and Billing","Aktualizacja kalkulacji kosztów i rozliczeń"
"Update Default Working Hours","Zaktualizuj domyślne godziny pracy"
"Updated status from {0} to {1} for date {2} in the attendance record {3}","Zaktualizowano status z {0} do {1} dla daty {2} w rekordzie obecności {3}."
"Updated To A New Version \u{1F389}","Zaktualizowano do nowej wersji \u{1F389}"
"Use Company default Cost Center for Round off","Użyj domyślnego centrum kosztów firmy do zaokrąglania"
"User does not have permission to create the new {0}","Użytkownik nie ma uprawnień do utworzenia nowego {0}"
"View BOM Update Log","Wyświetl dziennik aktualizacji BOM"
"Whereas allocation for Compensatory Leaves is automatically created or updated on submission of Compensatory Leave Request.","Przydział urlopów wyrównawczych jest automatycznie tworzony lub aktualizowany po złożeniu wniosku o urlop wyrównawczy."
"Year To Date","Od początku roku"
"Year To Date(Company Currency)","Od początku roku (waluta spółki)"
"You created this {0}","Stworzyłeś to {0}"
"You haven't created a Employee Incentive yet","Nie utworzono jeszcze motywacji dla pracowników"
"You haven't created a {0} yet","Nie utworzono jeszcze {0}"
"{0} cancelled this document {1}","{0} anulował ten dokument {1}"
"{0} created this {1} ago","{1} Utworzony przez: {0}"
"{0} has been submitted successfully","{0} zostało przesłane pomyślnie"
"{0} submitted this document {1}","{0} przesłał ten dokument {1}"
"{0}'s {1} cannot be after {2}'s Expected End Date","{0} {1} nie może nastąpić po spodziewanej dacie końcowej projektu {2}"
"{} wants to access the following details from your account","{} chce uzyskać dostęp do następujących danych z Twojego konta"
"You created this","Utworzono"
"Create a Product","Utwórz produkt"
"Create a Finished Good","Utwórz wyrób gotowy"
"The Accounts Module is all set up!","Moduł Księgowość jest gotowy do pracy!"
"Review Chart of Accounts","Przejrzyj plan kont"
"Configure Account Settings","Skonfiguruj ustawienia kont"
"Take a quick walk-through of Accounts Settings","Przejrzyj szybko ustawienia księgowości"
"Learn more about Chart of Accounts","Dowiedz się więcej o planie kont"
"Learn how to update opening balances","Dowiedz się jak zaktualizować bilanse otwarcia"
"Explore Chart of Accounts","Przeglądaj plan kont"
"ERPNext sets up a simple chart of accounts for each Company you create"," but you can modify it according to business and legal requirements."""
"![Przepływ sprzedaży](https://docs.erpnext.com/docs/assets/img/accounts/so-flow.png)""",""
"<b>[Check Accounting reports](https://docs.erpnext.com/docs/v13/user/manual/en/accounts/accounting-reports)</b>""","# Sprawozdania finansowe
<b>[Sprawdź raporty księgowe](https://docs.erpnext.com/docs/v13/user/manual/en/accounts/accounting-reports)</b>"
"Once you close the financial statement in previous accounting software"," you can update the same as opening in your ERPNext's Balance Sheet accounts. This will allow you to get complete financial statements from ERPNext in the coming years"
"Role Allowed to Set Frozen Accounts & Edit Frozen Entries","Rola uprawniona do zarządzania zamrożonymi kontami"
"Users with this Role are allowed to set frozen accounts and create/modify accounting entries against frozen accounts.","Użytkownicy z tą rolą mogą ustawiać zamrożone konta i tworzyć/modyfikować wpisy księgowe na zamrożonych kontach."
"This is the default currency for this company.","To jest domyślna waluta dla tej firmy."
"Create an Asset","Utwórz środek trwały"
"Create an Asset Category","Utwórz kategorię środków trwałych"
"Review Fixed Asset Accounts","Przejrzyj konta środków trwałych"
"Let's walk-through Chart of Accounts to review setup","Przejrzyj plan kont"
"# Fixed Asset Accounts
 - Fixed asset accounts (Asset account)
 - Capital Work in progress (CWIP) account
 - Asset Depreciation account (Expense account)","# Konta środków trwałych
Outstanding (Company Currency),Zaległa kwota (waluta firmy),
Reconciliation Date,Data uzgodnienia,
Default Provisional Account,Domyślne konto tymczasowe,
Default Operating Cost Account,Domyślne konto kosztów operacyjnych,
Enabling this option will allow you to record - <br><br> 1. Advances Received in a <b>Liability Account</b> instead of the <b>Asset Account</b><br><br>2. Advances Paid in an <b>Asset Account</b> instead of the <b> Liability Account</b>,Włączenie tej opcji umożliwi rejestrowanie: <br><br> 1. Zaliczek otrzymanych na <b>koncie zobowiązań</b> zamiast <b>konta aktywów</b><br><br>2. Zaliczek wpłaconych na <b>koncie aktywów</b> zamiast <b>konta zobowiązań</b>,
Closing Account Head,Nagłówek konta zamknięcia,
Submit ERR Journals?,Zatwierdź dzienniki ERR?,
Is Account Payable,Zobowiązania handlowe,
Setting the account as a Company Account is necessary for Bank Reconciliation,Ustawienie konta jako konta firmowego jest niezbędne do uzgodnienia bankowego,
TOTAL DECLARATION SUBMITTED,RAZEM DEKLARACJI ZŁOŻONYCH,
TOTAL SALARY STRUCTURE,RAZEM STRUKTURA WYNAGRODZEŃ,
TOTAL INCENTIVE GIVEN LAST MONTH,RAZEM PREMIE PRZYZNANE W ZESZŁYM MIESIĄCU,
TOTAL OUTGOING SALARY(LAST MONTH),RAZEM WYCHODZĄCA PENSJA (OSTATNI MIESIĄC),
Total salary booked for this employee from the beginning of the year (payroll period or fiscal year) up to the current salary slip's end date.,Całkowita pensja zarezerwowana dla tego pracownika od początku roku (okres listy płac lub roku obrachunkowego) do daty zakończenia bieżącego paska wynagrodzeń.,
Total salary booked for this employee from the beginning of the month up to the current salary slip's end date.,Całkowita pensja zarezerwowana dla tego pracownika od początku miesiąca do daty zakończenia bieżącego paska wynagrodzeń.,
Month To Date(Company Currency),Od początku miesiąca (waluta firmy),
Warning: Incorrectly updating counters can prevent documents from getting created.,Ostrzeżenie: Nieprawidłowe aktualizowanie liczników może uniemożliwić tworzenie dokumentów.,
Qty (Company),Ilość (Firma),
Accounts Opening Balance,Saldo otwarcia kont,
No active or default Salary Structure found for employee {0} for the given dates,Nie znaleziono aktywnej ani ustawionej Struktury Wynagrodzeń dla pracownika {0} na podane daty,
Create Salary Component,Utwórz Składnik Wynagrodzenia,
Create Payroll Period,Utwórz Okres Listy Płac,
Create & Assign Salary Structure,Utwórz i Przypisz Strukturę Wynagrodzeń,
Must be a publicly accessible Google Sheets URL and adding Bank Account column is necessary for importing via Google Sheets,Musi być publicznie dostępnym adresem URL Arkusza Google i dodanie kolumny Konto Bankowe jest konieczne do importu poprzez Arkusze Google,
Updated via 'Time Log' (In Minutes),Zaktualizowano poprzez 'Dziennik Czasu' (W minutach),
Total Operation Time,Całkowity Czas Operacji,
You submitted this document,Przesłałeś ten dokument,Form timeline
Account Manager"""
"Account User","Użytkownik konta"
"Accounts Manager","Menedżer księgowości"
"Accounts User","Użytkownik księgowości"
"Redemption Account","Konto wykorzystania punktów"
"Against Income Account","Na konto przychodów"
"Accounting Dimensions","Wymiary księgowe"
"Is Consolidated","Czy skonsolidowane"
"Row #{0}: Cost Center {1} does not belong to company {2}","Wiersz #{0}: centrum kosztów {1} nie należy do firmy {2}"
"Account Missing","Brak konta"
"Please ensure {} account is a Balance Sheet account.","Upewnij się, że konto {} jest kontem bilansowym."
"You can change the parent account to a Balance Sheet account or select a different account.","Możesz zmienić konto nadrzędne na konto bilansowe albo wybrać inne konto."
"Invalid {0} for Inter Company Transaction.","Nieprawidłowe {0} dla transakcji międzyfirmowej."
"Invalid Company for Inter Company Transaction.","Nieprawidłowa firma dla transakcji międzyfirmowej."
"{0} not allowed to transact with {1}. Please change the Company.","{0} nie może prowadzić transakcji z {1}. Zmień firmę."
"No {0} found for Inter Company Transactions.","Nie znaleziono {0} dla transakcji międzyfirmowych."
"Company currencies of both the companies should match for Inter Company Transactions.","Waluty obu firm muszą być zgodne dla transakcji międzyfirmowych."
"Please set Company","Ustaw firmę"
"Date of Birth","Data urodzenia"
"Date of Joining","Data zatrudnienia"
"Create User","Utwórz użytkownika"
"Create User Permission","Utwórz uprawnienie użytkownika"
"Confirmation Date","Data potwierdzenia"
"Date Of Retirement","Data przejścia na emeryturę"
"Company Email","E-mail firmowy"
"Date of Issue","Data wydania"
"History In Company","Historia w firmie"
"Resignation Letter Date","Data listu rezygnacyjnego"
"Relieving Date","Data zwolnienia"
"Encashment Date","Data wypłaty ekwiwalentu"
"Date of Birth cannot be greater than today.","Data urodzenia nie może być późniejsza niż dzisiejsza data."
"Please enter relieving date.","Wprowadź datę zwolnienia."
"Please set a default Holiday List for Employee {0} or Company {1}","Ustaw domyślną listę dni wolnych dla pracownika {0} lub firmy {1}"
"Enter First and Last name of Employee, based on Which Full Name will be updated. IN transactions, it will be Full Name which will be fetched.","Wprowadź imię i nazwisko pracownika, na podstawie których zostanie zaktualizowane pełne imię i nazwisko. W transakcjach pobierane będzie pełne imię i nazwisko."
"Select a Company this Employee belongs to.","Wybierz firmę, do której należy ten pracownik."
"Select Date of Birth. This will validate Employees age and prevent hiring of under-age staff.","Wybierz datę urodzenia. To zweryfikuje wiek pracownika i zapobiegnie zatrudnianiu osób niepełnoletnich."
"Select Date of joining. It will have impact on the first salary calculation, Leave allocation on pro-rata bases.","Wybierz datę zatrudnienia. Będzie miała wpływ na pierwsze obliczenie wynagrodzenia oraz przydział urlopu proporcjonalnie."
"Party Type","Typ podmiotu"
"Party Name","Nazwa podmiotu"
"Accounts","Konta"
"Party Balance","Saldo podmiotu"
"Account Paid From","Konto źródłowe"
"Account Currency (From)","Waluta konta (z)"
"Account Balance (From)","Saldo konta (z)"
"Account Paid To","Konto docelowe"
"Account Currency (To)","Waluta konta (do)"
"Account Balance (To)","Saldo konta (do)"
"Cheque/Reference Date","Data czeku / referencji"
"Bank Account No","Numer konta bankowego"
"Company Bank Account","Firmowe konto bankowe"
"Party Bank Account","Bankowe konto kontrahenta"
"Paid From Account Type","Typ konta źródłowego"
"Paid To Account Type","Typ konta docelowego"
"Please set default {0} in Company {1}","Ustaw domyślne {0} w firmie {1}"
"Party Type is mandatory","Typ podmiotu jest obowiązkowy"
"Party is mandatory","Podmiot jest obowiązkowy"
"{0} {1} is associated with {2}, but Party Account is {3}","{0} {1} jest powiązane z {2}, ale konto podmiotu to {3}"
"{0} {1} must be submitted","{0} {1} musi być zatwierdzone"
"Row #{0}: Journal Entry {1} does not have account {2} or already matched against another voucher","Wiersz #{0}: zapis dziennika {1} nie ma konta {2} albo jest już dopasowany do innego dokumentu"
"Please set {0} in Company {1} to account for Exchange Gain / Loss","Ustaw {0} w firmie {1}, aby rozliczać zyski / straty kursowe"
"Missing Default in Company","Brak domyślnego ustawienia w firmie"
"Reference No and Reference Date is mandatory for Bank transaction","Numer referencyjny i data referencyjna są obowiązkowe dla transakcji bankowej"
"Transaction reference no {0} dated {1}","Numer referencyjny transakcji {0} z dnia {1}"
"Please select a Company first.","Najpierw wybierz firmę."
"Party can only be one of {0}","Podmiot może być tylko jednym z: {0}"
"Please Specify Account","Określ konto"
"Release Date","Data zwolnienia"
"Total Quantity","Łączna ilość"
"Total (Company Currency)","Suma (waluta firmy)"
"Totals","Podsumowanie"
"Grand Total (Company Currency)","Suma końcowa (waluta firmy)"
"Rounding Adjustment (Company Currency)","Korekta zaokrąglenia (waluta firmy)"
"Rounded Total (Company Currency)","Zaokrąglona suma (waluta firmy)"
"Grand Total","Suma końcowa"
"Rounded Total","Zaokrąglona suma"
"Total Advance","Łączna zaliczka"
"Cash/Bank Account","Konto gotówkowe/bankowe"
"Clearance Date","Data rozliczenia"
"Write Off Account","Konto odpisu"
"Party Account Currency","Waluta konta kontrahenta"
"Against Expense Account","Na konto kosztów"
"From Date","Data początkowa"
"To Date","Data końcowa"
"Update Auto Repeat Reference","Aktualizuj odwołanie automatycznego powtarzania"
"Accounting Dimensions ","Wymiary księgowe"
"Represents Company","Reprezentuje firmę"
"Accounting Details","Szczegóły księgowe"
"Use Company Default Round Off Cost Center","Użyj domyślnego centrum kosztów firmy dla zaokrągleń"
"Update Outstanding for Self","Aktualizuj własne saldo"
"Release date must be in the future","Data zwolnienia musi być w przyszłości"
"dated {0}","z dnia {0}"
"Invalid Account","Nieprawidłowe konto"
"Please set Fixed Asset Account in {} against {}.","Ustaw konto środka trwałego w {} dla {}."
"Missing Account","Brak konta"
"Please enter Write Off Account","Wprowadź konto odpisu"
"Change Release Date","Zmień datę zwolnienia"
"Create","Utwórz"
"New release date should be in the future","Nowa data zwolnienia powinna być w przyszłości"
"Set New Release Date","Ustaw nową datę zwolnienia"
"Please specify Company to proceed","Podaj firmę, aby kontynuować"
"Started a background job to create {1} {0}. {2}","Rozpoczęto zadanie w tle, aby utworzyć {1} {0}. {2}"
"Configure default settings for your CRM system, including default currency, date formats, and other system-wide preferences to ensure consistency across your system.","Skonfiguruj domyślne ustawienia systemu CRM, w tym domyślną walutę, formaty dat i inne preferencje systemowe, aby zapewnić spójność w całym systemie."
"Display format for dates across the system","Format wyświetlania dat w całym systemie"
"Default Outgoing Account","Domyślne konto wychodzące"
"Default Incoming Account","Domyślne konto przychodzące"
"Select your ERPNext company to connect with","Wybierz firmę ERPNext do połączenia"
"Validate Components and Quantities Per BOM","Waliduj komponenty i ilości według BOM"
"Service invoice notification {0} from {1}","Powiadomienie o fakturze za usługi {0} od {1}"
"Hello,","Dzień dobry,"
"We kindly remind you about overdue payments to","Uprzejmie przypominamy o zaległych płatnościach wobec"
"Overdue details:","Szczegóły zaległości:"
"Invoice","Faktura"
"Days past due","Dni po terminie"
"Total amount due:","Łączna kwota do zapłaty:"
"Please settle the outstanding amount as soon as possible.","Prosimy o uregulowanie należności w najbliższym możliwym terminie."
"Bank transfer details:","Dane do przelewu:"
"Account number:","Numer konta:"
"Transfer title:","Tytuł przelewu:"
"Settlement of arrears","Spłata zaległości"
"If the payment has already been made, please ignore this message.","Jeśli płatność została już zrealizowana, prosimy o zignorowanie tej wiadomości."
"Best regards,","Pozdrawiamy,"
"Your partner in digital transformation","Twoje partnerstwo w transformacji cyfrowej"
"Tax ID:","NIP:"
"This message was generated automatically - please do not reply to this email.","Wiadomość została wygenerowana automatycznie - prosimy nie odpowiadać na ten e-mail."
"Faktura za usługi","Faktura za usługi"
"od","od"
"Reminder of overdue payments to {0}","Przypomnienie o zaległych płatnościach wobec {0}"
"Przypomnienie o zaległych płatnościach","Przypomnienie o zaległych płatnościach"
"Dzień dobry,","Dzień dobry,"
"Uprzejmie przypominamy o zaległych płatnościach wobec","Uprzejmie przypominamy o zaległych płatnościach wobec"
"Szczegóły zaległości:","Szczegóły zaległości:"
"Faktura","Faktura"
"Dni po terminie","Dni po terminie"
"Kwota","Kwota"
"Łączna kwota do zapłaty:","Łączna kwota do zapłaty:"
"Prosimy o uregulowanie należności w najbliższym możliwym terminie.","Prosimy o uregulowanie należności w najbliższym możliwym terminie."
"Dane do przelewu:","Dane do przelewu:"
"Spłata zaległości","Spłata zaległości"
"Jeśli płatność została już zrealizowana, prosimy o zignorowanie tej wiadomości.","Jeśli płatność została już zrealizowana, prosimy o zignorowanie tej wiadomości."
"Pozdrawiamy,","Pozdrawiamy,"
"Twoje partnerstwo w transformacji cyfrowej","Twoje partnerstwo w transformacji cyfrowej"
"Faktura za usługi {0} od {1}","Faktura za usługi {0} od {1}"
"Dzień dobry","Dzień dobry"
"W systemie","W systemie"
"została wystawiona nowa","została wystawiona nowa"
"faktura za usługi nr","faktura za usługi nr"
"Okres rozliczeniowy:","Okres rozliczeniowy:"
"Kwota do zapłaty:","Kwota do zapłaty:"
"Termin płatności:","Termin płatności:"
"Data wystawienia:","Data wystawienia:"
"Dokument można otworzyć tutaj:","Dokument można otworzyć tutaj:"
"Pozycje na fakturze:","Pozycje na fakturze:"
"Usługa","Usługa"
"Ilość","Ilość"
"Cena","Cena"
"Wartość","Wartość"
"NIP:","NIP:"
"Bank:","Bank:"
"Numer konta:","Numer konta:"
"IBAN:","IBAN:"
"SWIFT:","SWIFT:"
"Tytuł przelewu:","Tytuł przelewu:"
"Wiadomość wygenerowana automatycznie","Wiadomość wygenerowana automatycznie"
"Email:","Email:"
"Tel:","Tel:"
"Wiadomość została wygenerowana automatycznie - prosimy nie odpowiadać na ten e-mail.","Wiadomość została wygenerowana automatycznie - prosimy nie odpowiadać na ten e-mail."
"Shipment Delivery Note","List przewozowy"
"Sales invoice created","Utworzona faktura sprzedaży"
"Sales invoice due date","Termin płatności faktury sprzedaży"
"Purchase invoice due date","Termin płatności faktury zakupu"
"Delayed deliveries of to customers","Opóźnione dostawy do klientów"
"Low stock levels","Niskie stany magazynowe"
"Overdue liabilities (purchase invoices)","Przeterminowane zobowiązania (faktury zakupu)"
"Overdue receivables","Przeterminowane należności"
"Pending goods receipts","Oczekujące przyjęcia towarów"
"Pending releases from warehouse","Oczekujące wydania z magazynu"
"Sales order ready for fulfillment","Zamówienie sprzedaży gotowe do realizacji"
"New ToDo assigned","Przypisano nowe zadanie"
